52,Leshrac,8,201232,2441.0,Semi-Carry,38,48,79,8,2012,August
40,Venomancer,7,201232,1780.0,Support,16,29,74,8,2012,August
29,Tidehunter,7,201232,2111.0,Support,30,25,98,8,2012,August
66,Chen,7,201232,1871.0,Jungler,14,23,36,8,2012,August
53,Furion,6,201232,1979.0,Carry,15,33,29,8,2012,August
81,Chaos Knight,5,201232,1784.0,Carry,20,20,40,8,2012,August
80,Lone Druid,5,201232,2266.0,Carry,11,15,33,8,2012,August
78,Brewmaster,5,201232,1827.0,Carry,27,11,49,8,2012,August
16,Sand King,5,201232,1603.0,Semi-Carry,32,26,36,8,2012,August
34,Tinker,5,201232,2047.0,Carry,32,18,44,8,2012,August
58,Enchantress,5,201232,1442.0,Jungler,19,22,38,8,2012,August
10,Morphling,5,201232,2064.0,Carry,21,15,16,8,2012,August
33,Enigma,4,201232,1606.0,\N,10,13,46,8,2012,August
5,Crystal Maiden,4,201232,775.0,Support,6,26,33,8,2012,August
38,Beastmaster,4,201232,1702.0,Semi-Carry,16,6,42,8,2012,August
39,Queen of Pain,4,201232,1470.0,Carry,21,21,26,8,2012,August
74,Invoker,4,201232,1512.0,Carry,21,7,25,8,2012,August
89,Naga Siren,3,201232,1443.0,Carry,16,9,34,8,2012,August
46,Templar Assassin,3,201232,1070.0,Carry,10,17,17,8,2012,August
86,Rubick,3,201232,765.0,Support,13,15,38,8,2012,August
77,Lycan,3,201232,1769.0,Carry,15,2,13,8,2012,August
79,Shadow Demon,3,201232,468.0,Support,5,23,18,8,2012,August
61,Broodmother,3,201232,1216.0,Carry,14,12,16,8,2012,August
27,Shadow Shaman,2,201232,662.0,Support,11,11,19,8,2012,August
20,Vengeful Spirit,2,201232,343.0,Support,4,10,14,8,2012,August
90,Keeper of the Light,2,201232,506.0,Support,8,13,6,8,2012,August
92,Visage,2,201232,454.0,Support,10,12,12,8,2012,August
48,Luna,1,201232,434.0,Carry,2,5,17,8,2012,August
7,Earthshaker,1,201232,204.0,Support,1,4,10,8,2012,August
49,Dragon Knight,1,201232,246.0,Carry,2,6,5,8,2012,August
18,Sven,1,201232,324.0,Carry,3,9,6,8,2012,August
32,Riki,1,201232,348.0,Carry,2,6,2,8,2012,August
62,Bounty Hunter,1,201232,435.0,Carry,13,4,6,8,2012,August
55,Dark Seer,1,201232,346.0,Semi-Carry,5,4,7,8,2012,August
56,Clinkz,1,201232,297.0,Carry,3,5,0,8,2012,August
9,Mirana,1,201232,413.0,Support,11,2,7,8,2012,August
68,Ancient Apparition,1,201232,227.0,Semi-Carry,1,2,2,8,2012,August
21,Windrunner,1,201232,307.0,Semi-Carry,4,2,5,8,2012,August
87,Disruptor,1,201232,227.0,Support,7,5,9,8,2012,August
64,Jakiro,1,201232,390.0,Support,3,0,12,8,2012,August
11,Shadow Fiend,1,201232,568.0,Carry,9,2,11,8,2012,August
86,Rubick,3,201234,1068.0,Semi-Carry,10,10,54,8,2012,August
52,Leshrac,3,201234,1045.0,Semi-Carry,23,19,31,8,2012,August
55,Dark Seer,3,201234,1130.0,Semi-Carry,16,18,44,8,2012,August
56,Clinkz,2,201234,1035.0,Carry,13,6,7,8,2012,August
63,Weaver,2,201234,701.0,Carry,8,9,3,8,2012,August
1,Anti-Mage,2,201234,1040.0,Carry,17,6,14,8,2012,August
53,Furion,2,201234,1021.0,Jungler,13,5,19,8,2012,August
40,Venomancer,2,201234,712.0,Support,13,11,34,8,2012,August
39,Queen of Pain,1,201234,337.0,Carry,8,5,8,8,2012,August
68,Ancient Apparition,1,201234,221.0,Semi-Carry,3,3,5,8,2012,August
27,Shadow Shaman,1,201234,250.0,Support,3,8,5,8,2012,August
58,Enchantress,1,201234,196.0,Jungler,1,11,8,8,2012,August
29,Tidehunter,1,201234,293.0,Support,3,4,21,8,2012,August
91,Wisp,1,201234,200.0,Support,2,10,10,8,2012,August
33,Enigma,1,201234,434.0,Jungler,5,2,10,8,2012,August
62,Bounty Hunter,1,201234,196.0,Carry,1,12,4,8,2012,August
14,Pudge,1,201234,429.0,Semi-Carry,13,5,18,8,2012,August
7,Earthshaker,1,201234,105.0,Support,0,8,5,8,2012,August
78,Brewmaster,1,201234,227.0,Carry,1,5,3,8,2012,August
52,Leshrac,78,201235,26315.0,Support,377,330,699,8,2012,August
40,Venomancer,77,201235,17445.0,Support,118,368,808,8,2012,August
74,Invoker,76,201235,26667.0,Carry,338,255,680,8,2012,August
10,Morphling,73,201235,36155.0,Carry,553,154,446,8,2012,August
29,Tidehunter,70,201235,17904.0,Support,168,287,709,8,2012,August
86,Rubick,68,201235,19326.0,Support,247,270,658,8,2012,August
66,Chen,62,201235,15916.0,Jungler,161,216,497,8,2012,August
80,Lone Druid,55,201235,24433.0,Carry,223,158,328,8,2012,August
53,Furion,51,201235,22574.0,Carry,157,239,461,8,2012,August
16,Sand King,49,201235,13532.0,Support,171,221,458,8,2012,August
58,Enchantress,48,201235,12357.0,Jungler,184,202,340,8,2012,August
21,Windrunner,43,201235,13325.0,Semi-Carry,144,181,343,8,2012,August
27,Shadow Shaman,39,201235,10394.0,Semi-Carry,111,198,341,8,2012,August
33,Enigma,39,201235,12586.0,Jungler,78,160,299,8,2012,August
39,Queen of Pain,36,201235,13956.0,Carry,228,143,248,8,2012,August
81,Chaos Knight,35,201235,13258.0,Carry,202,151,357,8,2012,August
79,Shadow Demon,31,201235,5775.0,Support,66,183,220,8,2012,August
78,Brewmaster,30,201235,9879.0,Carry,106,103,275,8,2012,August
38,Beastmaster,29,201235,8486.0,\N,67,124,244,8,2012,August
55,Dark Seer,28,201235,9175.0,Semi-Carry,74,122,254,8,2012,August
62,Bounty Hunter,28,201235,9757.0,Carry,132,101,197,8,2012,August
1,Anti-Mage,27,201235,15573.0,Carry,202,53,153,8,2012,August
61,Broodmother,26,201235,10243.0,Carry,85,122,136,8,2012,August
17,Storm Spirit,24,201235,9319.0,Carry,176,102,237,8,2012,August
34,Tinker,23,201235,9341.0,Carry,98,107,167,8,2012,August
46,Templar Assassin,17,201235,7449.0,Carry,123,58,97,8,2012,August
77,Lycan,16,201235,7719.0,Carry,94,46,112,8,2012,August
60,Night Stalker,15,201235,4872.0,Semi-Carry,63,58,105,8,2012,August
5,Crystal Maiden,15,201235,2874.0,Support,27,58,148,8,2012,August
19,Tiny,13,201235,6439.0,Carry,115,64,117,8,2012,August
91,Wisp,12,201235,2594.0,Support,37,71,187,8,2012,August
89,Naga Siren,12,201235,5719.0,Carry,52,34,90,8,2012,August
90,Keeper of the Light,11,201235,3043.0,Support,29,48,99,8,2012,August
25,Lina,11,201235,2466.0,Support,32,41,86,8,2012,August
20,Vengeful Spirit,10,201235,1826.0,Support,18,67,121,8,2012,August
68,Ancient Apparition,9,201235,1809.0,Support,21,33,71,8,2012,August
13,Puck,9,201235,3277.0,Semi-Carry,52,28,90,8,2012,August
48,Luna,8,201235,3655.0,Carry,25,32,64,8,2012,August
87,Disruptor,7,201235,1322.0,Semi-Carry,11,43,73,8,2012,August
7,Earthshaker,7,201235,1437.0,Support,10,34,66,8,2012,August
31,Lich,7,201235,1096.0,Support,17,31,27,8,2012,August
14,Pudge,6,201235,1772.0,Semi-Carry,41,30,57,8,2012,August
65,Batrider,5,201235,1229.0,Semi-Carry,14,23,47,8,2012,August
49,Dragon Knight,5,201235,1812.0,Carry,15,22,31,8,2012,August
9,Mirana,5,201235,1536.0,Carry,18,12,36,8,2012,August
56,Clinkz,4,201235,1699.0,Carry,28,16,15,8,2012,August
8,Juggernaut,4,201235,1317.0,Carry,10,11,15,8,2012,August
92,Visage,3,201235,641.0,Support,14,10,27,8,2012,August
43,Death Prophet,3,201235,1072.0,Semi-Carry,11,14,11,8,2012,August
23,Kunkka,3,201235,1093.0,Carry,10,16,38,8,2012,August
50,Dazzle,2,201235,335.0,Support,2,11,9,8,2012,August
44,Phantom Assassin,2,201235,874.0,Carry,13,9,14,8,2012,August
76,Outworld Destroyer,2,201235,791.0,Carry,5,7,4,8,2012,August
28,Slardar,2,201235,516.0,Carry,2,14,8,8,2012,August
45,Pugna,2,201235,566.0,Support,7,8,14,8,2012,August
71,Spirit Breaker,1,201235,277.0,Carry,1,6,3,8,2012,August
30,Witch Doctor,1,201235,152.0,Support,1,4,2,8,2012,August
32,Riki,1,201235,500.0,Carry,8,1,14,8,2012,August
73,Alchemist,1,201235,436.0,Carry,2,6,9,8,2012,August
3,Bane,1,201235,250.0,Support,4,4,16,8,2012,August
11,Shadow Fiend,1,201235,497.0,Carry,7,3,3,8,2012,August
2,Axe,1,201235,259.0,Jungler,8,10,19,8,2012,August
63,Weaver,1,201235,297.0,Carry,3,5,1,8,2012,August
52,Leshrac,10,201236,2739.0,Semi-Carry,34,48,104,9,2012,September
86,Rubick,9,201236,2409.0,Semi-Carry,29,39,78,9,2012,September
55,Dark Seer,7,201236,2320.0,Semi-Carry,24,19,81,9,2012,September
27,Shadow Shaman,7,201236,1646.0,Support,10,40,65,9,2012,September
89,Naga Siren,7,201236,3004.0,Carry,30,19,55,9,2012,September
38,Beastmaster,6,201236,1556.0,Semi-Carry,9,33,58,9,2012,September
33,Enigma,5,201236,1683.0,Jungler,13,15,64,9,2012,September
29,Tidehunter,5,201236,1096.0,Support,24,7,68,9,2012,September
80,Lone Druid,5,201236,2406.0,Carry,27,14,57,9,2012,September
74,Invoker,5,201236,1654.0,Carry,12,17,45,9,2012,September
49,Dragon Knight,4,201236,1324.0,Carry,13,14,26,9,2012,September
40,Venomancer,4,201236,794.0,Support,6,21,48,9,2012,September
46,Templar Assassin,4,201236,1671.0,Carry,27,11,34,9,2012,September
39,Queen of Pain,4,201236,1410.0,Carry,29,9,37,9,2012,September
10,Morphling,4,201236,1888.0,Carry,24,16,18,9,2012,September
66,Chen,3,201236,737.0,Jungler,9,10,16,9,2012,September
61,Broodmother,3,201236,1210.0,Carry,7,11,16,9,2012,September
1,Anti-Mage,3,201236,1772.0,Carry,24,5,11,9,2012,September
90,Keeper of the Light,2,201236,443.0,Support,5,9,27,9,2012,September
21,Windrunner,2,201236,591.0,Semi-Carry,3,9,11,9,2012,September
60,Night Stalker,2,201236,667.0,Semi-Carry,6,4,12,9,2012,September
8,Juggernaut,2,201236,674.0,Carry,7,10,22,9,2012,September
58,Enchantress,2,201236,519.0,Jungler,6,6,18,9,2012,September
88,Nyx Assassin,1,201236,144.0,Support,1,9,10,9,2012,September
20,Vengeful Spirit,1,201236,138.0,Support,1,8,8,9,2012,September
25,Lina,1,201236,193.0,Support,4,4,2,9,2012,September
81,Chaos Knight,1,201236,212.0,Carry,2,3,1,9,2012,September
26,Lion,1,201236,204.0,Support,2,4,5,9,2012,September
41,Faceless Void,1,201236,650.0,Carry,11,2,9,9,2012,September
77,Lycan,1,201236,412.0,Jungler,5,2,9,9,2012,September
87,Disruptor,1,201236,203.0,Support,2,1,16,9,2012,September
16,Sand King,1,201236,206.0,Support,5,9,20,9,2012,September
68,Ancient Apparition,1,201236,164.0,Support,2,7,6,9,2012,September
53,Furion,1,201236,418.0,\N,0,3,1,9,2012,September
31,Lich,1,201236,162.0,Support,2,1,4,9,2012,September
5,Crystal Maiden,1,201236,150.0,Support,2,4,7,9,2012,September
78,Brewmaster,1,201236,352.0,Carry,17,3,17,9,2012,September
62,Bounty Hunter,1,201236,348.0,Carry,8,2,10,9,2012,September
53,Furion,13,201238,5267.0,Carry,39,51,105,9,2012,September
40,Venomancer,13,201238,3013.0,Support,31,71,151,9,2012,September
21,Windrunner,12,201238,4079.0,Semi-Carry,59,38,114,9,2012,September
66,Chen,11,201238,3363.0,Jungler,31,32,86,9,2012,September
86,Rubick,11,201238,3770.0,\N,39,27,137,9,2012,September
52,Leshrac,11,201238,2764.0,Support,24,57,98,9,2012,September
46,Templar Assassin,9,201238,3685.0,Carry,55,48,58,9,2012,September
33,Enigma,9,201238,3202.0,Jungler,25,44,91,9,2012,September
74,Invoker,9,201238,2970.0,Carry,43,42,37,9,2012,September
10,Morphling,9,201238,4178.0,Carry,73,30,42,9,2012,September
27,Shadow Shaman,8,201238,1959.0,Support,20,56,63,9,2012,September
1,Anti-Mage,8,201238,3592.0,Carry,40,31,33,9,2012,September
29,Tidehunter,7,201238,2006.0,Support,27,38,93,9,2012,September
89,Naga Siren,7,201238,3304.0,Carry,54,25,87,9,2012,September
87,Disruptor,6,201238,1165.0,Support,16,32,76,9,2012,September
58,Enchantress,6,201238,1605.0,Jungler,11,21,45,9,2012,September
81,Chaos Knight,5,201238,2312.0,Carry,53,15,44,9,2012,September
39,Queen of Pain,5,201238,2378.0,Carry,45,12,55,9,2012,September
16,Sand King,4,201238,1080.0,Support,23,27,21,9,2012,September
78,Brewmaster,4,201238,1484.0,Carry,34,13,79,9,2012,September
80,Lone Druid,4,201238,1596.0,Carry,15,14,30,9,2012,September
38,Beastmaster,4,201238,1293.0,Semi-Carry,8,13,42,9,2012,September
31,Lich,3,201238,434.0,Support,4,20,6,9,2012,September
85,Undying,2,201238,449.0,Semi-Carry,4,12,6,9,2012,September
60,Night Stalker,2,201238,671.0,Semi-Carry,17,12,12,9,2012,September
62,Bounty Hunter,2,201238,374.0,\N,6,17,1,9,2012,September
68,Ancient Apparition,2,201238,332.0,Support,2,18,14,9,2012,September
91,Wisp,2,201238,705.0,Support,10,2,33,9,2012,September
79,Shadow Demon,2,201238,431.0,Support,2,11,15,9,2012,September
7,Earthshaker,1,201238,158.0,Support,1,8,5,9,2012,September
25,Lina,1,201238,195.0,Support,3,9,9,9,2012,September
28,Slardar,1,201238,364.0,Carry,4,4,11,9,2012,September
70,Ursa,1,201238,229.0,Carry,1,6,3,9,2012,September
5,Crystal Maiden,1,201238,123.0,Support,0,4,5,9,2012,September
77,Lycan,1,201238,279.0,Carry,0,2,0,9,2012,September
49,Dragon Knight,1,201238,313.0,Carry,3,6,6,9,2012,September
61,Broodmother,1,201238,430.0,Carry,2,6,1,9,2012,September
43,Death Prophet,1,201238,233.0,Semi-Carry,1,8,2,9,2012,September
20,Vengeful Spirit,1,201238,163.0,Support,3,9,9,9,2012,September
59,Huskar,1,201238,323.0,Carry,2,4,2,9,2012,September
55,Dark Seer,1,201238,347.0,Semi-Carry,1,7,11,9,2012,September
48,Luna,1,201238,462.0,Carry,6,6,6,9,2012,September
41,Faceless Void,1,201238,623.0,Carry,16,1,17,9,2012,September
19,Tiny,1,201238,599.0,Carry,10,0,10,9,2012,September
65,Batrider,1,201238,311.0,Semi-Carry,6,6,21,9,2012,September
44,Phantom Assassin,1,201238,339.0,Carry,2,5,5,9,2012,September
8,Juggernaut,1,201238,517.0,Carry,17,2,8,9,2012,September
26,Lion,1,201238,271.0,Support,3,4,10,9,2012,September
32,Riki,1,201238,631.0,Carry,14,0,8,9,2012,September
29,Tidehunter,33,201239,9119.0,Support,93,144,404,9,2012,September
52,Leshrac,28,201239,8719.0,Support,114,132,232,9,2012,September
86,Rubick,26,201239,7204.0,Semi-Carry,102,137,278,9,2012,September
33,Enigma,26,201239,8096.0,Jungler,52,134,185,9,2012,September
66,Chen,25,201239,7454.0,Jungler,70,83,204,9,2012,September
40,Venomancer,23,201239,5650.0,Support,71,135,307,9,2012,September
10,Morphling,20,201239,10553.0,Carry,167,29,113,9,2012,September
89,Naga Siren,19,201239,8540.0,Carry,89,71,160,9,2012,September
46,Templar Assassin,18,201239,8062.0,Carry,169,76,157,9,2012,September
53,Furion,17,201239,6111.0,Carry,46,107,118,9,2012,September
74,Invoker,15,201239,4706.0,Carry,61,63,133,9,2012,September
27,Shadow Shaman,15,201239,3932.0,Support,42,84,142,9,2012,September
21,Windrunner,14,201239,4758.0,Support,58,53,104,9,2012,September
81,Chaos Knight,13,201239,5151.0,Carry,67,39,104,9,2012,September
55,Dark Seer,13,201239,4303.0,Semi-Carry,37,44,104,9,2012,September
62,Bounty Hunter,12,201239,4567.0,Carry,65,60,72,9,2012,September
91,Wisp,12,201239,3376.0,Support,52,55,178,9,2012,September
38,Beastmaster,10,201239,2556.0,Semi-Carry,18,59,91,9,2012,September
87,Disruptor,10,201239,1880.0,Support,19,51,84,9,2012,September
1,Anti-Mage,10,201239,4884.0,Carry,66,38,54,9,2012,September
49,Dragon Knight,10,201239,4232.0,Carry,47,28,59,9,2012,September
39,Queen of Pain,10,201239,4156.0,Carry,74,37,93,9,2012,September
80,Lone Druid,9,201239,3484.0,Carry,28,26,60,9,2012,September
78,Brewmaster,9,201239,2598.0,Carry,30,35,70,9,2012,September
79,Shadow Demon,8,201239,1337.0,Support,14,58,53,9,2012,September
8,Juggernaut,8,201239,4077.0,Carry,75,22,64,9,2012,September
16,Sand King,6,201239,1532.0,Support,11,31,57,9,2012,September
17,Storm Spirit,6,201239,1885.0,Carry,28,39,39,9,2012,September
77,Lycan,6,201239,2878.0,Carry,22,17,25,9,2012,September
58,Enchantress,6,201239,1989.0,Jungler,25,15,57,9,2012,September
60,Night Stalker,5,201239,1929.0,Semi-Carry,37,20,51,9,2012,September
41,Faceless Void,5,201239,2724.0,Carry,55,17,46,9,2012,September
5,Crystal Maiden,5,201239,823.0,Support,9,32,30,9,2012,September
19,Tiny,5,201239,2345.0,Carry,38,12,28,9,2012,September
25,Lina,4,201239,1028.0,Support,22,21,23,9,2012,September
68,Ancient Apparition,4,201239,931.0,Support,16,16,36,9,2012,September
61,Broodmother,4,201239,1560.0,Carry,9,14,26,9,2012,September
11,Shadow Fiend,3,201239,1747.0,Carry,25,10,15,9,2012,September
90,Keeper of the Light,3,201239,786.0,Support,12,20,29,9,2012,September
48,Luna,3,201239,1531.0,Carry,17,16,30,9,2012,September
13,Puck,3,201239,1072.0,Semi-Carry,19,15,22,9,2012,September
45,Pugna,2,201239,503.0,Semi-Carry,5,18,4,9,2012,September
7,Earthshaker,2,201239,329.0,Support,3,18,11,9,2012,September
70,Ursa,2,201239,1319.0,Carry,39,6,20,9,2012,September
28,Slardar,2,201239,686.0,Carry,3,4,13,9,2012,September
20,Vengeful Spirit,2,201239,380.0,Support,2,8,18,9,2012,September
57,Omni Knight,2,201239,719.0,Semi-Carry,5,2,5,9,2012,September
83,Treant Protector,2,201239,547.0,Support,6,19,20,9,2012,September
14,Pudge,2,201239,987.0,Semi-Carry,25,4,18,9,2012,September
65,Batrider,1,201239,356.0,Semi-Carry,4,1,12,9,2012,September
71,Spirit Breaker,1,201239,382.0,Carry,5,8,7,9,2012,September
37,Warlock,1,201239,161.0,Support,1,5,2,9,2012,September
54,Lifestealer,1,201239,528.0,Carry,10,10,14,9,2012,September
31,Lich,1,201239,168.0,Support,0,10,5,9,2012,September
9,Mirana,1,201239,302.0,Carry,2,3,0,9,2012,September
3,Bane,1,201239,162.0,Support,3,7,6,9,2012,September
30,Witch Doctor,1,201239,130.0,Support,1,7,6,9,2012,September
32,Riki,1,201239,525.0,Carry,19,4,13,9,2012,September
56,Clinkz,1,201239,257.0,Carry,4,5,0,9,2012,September
72,Gyrocopter,1,201239,296.0,Semi-Carry,3,9,8,9,2012,September
34,Tinker,1,201239,283.0,Carry,0,8,4,9,2012,September
23,Kunkka,1,201239,325.0,Carry,4,7,6,9,2012,September
52,Leshrac,28,201240,8387.0,Support,130,175,289,9,2012,September
10,Morphling,27,201240,13121.0,Carry,254,87,190,9,2012,September
40,Venomancer,24,201240,5533.0,Support,56,163,295,9,2012,September
21,Windrunner,23,201240,7699.0,Support,101,89,180,9,2012,September
86,Rubick,22,201240,6259.0,Semi-Carry,79,99,255,9,2012,September
29,Tidehunter,21,201240,6288.0,Semi-Carry,86,117,267,9,2012,September
74,Invoker,19,201240,7522.0,Carry,156,81,177,9,2012,September
33,Enigma,17,201240,5891.0,Jungler,34,96,196,9,2012,September
27,Shadow Shaman,16,201240,3969.0,Semi-Carry,41,112,159,9,2012,September
16,Sand King,16,201240,4218.0,Support,34,111,122,9,2012,September
66,Chen,14,201240,3542.0,Jungler,35,78,125,9,2012,September
46,Templar Assassin,12,201240,5383.0,Carry,106,47,92,9,2012,September
39,Queen of Pain,11,201240,4361.0,Carry,92,50,107,9,2012,September
1,Anti-Mage,11,201240,6719.0,Carry,104,32,84,9,2012,September
81,Chaos Knight,10,201240,3977.0,Carry,74,48,81,9,2012,September
89,Naga Siren,10,201240,4612.0,Carry,53,46,103,9,2012,September
61,Broodmother,10,201240,4326.0,Carry,55,48,68,9,2012,September
91,Wisp,9,201240,2564.0,Support,38,52,153,9,2012,September
55,Dark Seer,9,201240,3244.0,\N,40,39,108,9,2012,September
62,Bounty Hunter,9,201240,2936.0,\N,56,42,54,9,2012,September
58,Enchantress,9,201240,2621.0,Jungler,35,54,99,9,2012,September
53,Furion,8,201240,3733.0,\N,32,34,98,9,2012,September
87,Disruptor,8,201240,1574.0,Support,26,59,87,9,2012,September
80,Lone Druid,7,201240,2823.0,Carry,20,30,44,9,2012,September
79,Shadow Demon,7,201240,1692.0,Support,19,35,79,9,2012,September
38,Beastmaster,6,201240,1793.0,\N,9,30,71,9,2012,September
77,Lycan,6,201240,3012.0,Jungler,31,21,49,9,2012,September
5,Crystal Maiden,6,201240,1145.0,Support,12,58,74,9,2012,September
19,Tiny,6,201240,2682.0,Carry,42,29,76,10,2012,October
78,Brewmaster,6,201240,2012.0,Carry,22,26,70,9,2012,September
60,Night Stalker,4,201240,1471.0,Semi-Carry,30,25,34,9,2012,September
13,Puck,4,201240,1430.0,Semi-Carry,25,17,44,10,2012,October
32,Riki,3,201240,1235.0,Carry,42,16,37,9,2012,September
17,Storm Spirit,3,201240,1173.0,\N,18,17,30,9,2012,September
41,Faceless Void,3,201240,1306.0,Carry,15,10,20,9,2012,September
54,Lifestealer,2,201240,1016.0,Carry,13,7,21,10,2012,October
20,Vengeful Spirit,2,201240,468.0,Support,3,8,31,10,2012,October
8,Juggernaut,2,201240,685.0,Carry,11,11,14,10,2012,October
70,Ursa,2,201240,1033.0,Carry,28,10,15,9,2012,September
47,Viper,1,201240,214.0,Carry,0,7,2,10,2012,October
14,Pudge,1,201240,503.0,Semi-Carry,17,3,13,10,2012,October
34,Tinker,1,201240,504.0,Carry,8,7,9,9,2012,September
12,Phantom Lancer,1,201240,291.0,Carry,0,3,2,10,2012,October
90,Keeper of the Light,1,201240,325.0,\N,4,8,7,10,2012,October
50,Dazzle,1,201240,272.0,Support,4,9,10,10,2012,October
31,Lich,1,201240,317.0,Support,6,1,6,10,2012,October
76,Outworld Destroyer,1,201240,270.0,Carry,1,6,7,10,2012,October
68,Ancient Apparition,1,201240,140.0,Support,1,5,4,9,2012,September
25,Lina,1,201240,194.0,Support,4,8,11,9,2012,September
56,Clinkz,1,201240,511.0,Carry,3,0,1,10,2012,October
49,Dragon Knight,1,201240,477.0,Carry,3,0,7,9,2012,September
35,Sniper,1,201240,355.0,Carry,3,7,10,10,2012,October
11,Shadow Fiend,1,201240,516.0,Carry,3,4,10,10,2012,October
7,Earthshaker,1,201240,329.0,Support,9,6,8,9,2012,September
30,Witch Doctor,1,201240,380.0,Support,3,3,11,10,2012,October
57,Omni Knight,1,201240,447.0,Semi-Carry,3,1,7,9,2012,September
51,Clockwerk,1,201240,311.0,Semi-Carry,2,4,14,10,2012,October
21,Windrunner,25,201241,8696.0,\N,142,107,264,10,2012,October
33,Enigma,25,201241,8556.0,Jungler,66,137,304,10,2012,October
52,Leshrac,22,201241,6105.0,Semi-Carry,96,151,212,10,2012,October
29,Tidehunter,22,201241,6387.0,Support,79,121,278,10,2012,October
40,Venomancer,21,201241,4833.0,Support,51,138,296,10,2012,October
65,Batrider,20,201241,6998.0,Semi-Carry,109,97,270,10,2012,October
86,Rubick,19,201241,4969.0,Support,51,116,190,10,2012,October
46,Templar Assassin,17,201241,7811.0,Carry,159,81,162,10,2012,October
64,Jakiro,16,201241,3820.0,Support,38,108,182,10,2012,October
74,Invoker,16,201241,6033.0,Carry,96,68,139,10,2012,October
55,Dark Seer,14,201241,5440.0,Semi-Carry,64,66,196,10,2012,October
66,Chen,13,201241,3646.0,Jungler,35,46,117,10,2012,October
39,Queen of Pain,13,201241,5027.0,Carry,92,77,131,10,2012,October
58,Enchantress,12,201241,3306.0,Jungler,68,70,87,10,2012,October
81,Chaos Knight,12,201241,4539.0,Carry,99,74,125,10,2012,October
87,Disruptor,10,201241,2295.0,Support,37,48,132,10,2012,October
53,Furion,10,201241,4845.0,Carry,53,43,127,10,2012,October
1,Anti-Mage,10,201241,5781.0,Carry,71,26,69,10,2012,October
27,Shadow Shaman,10,201241,2757.0,Semi-Carry,36,69,115,10,2012,October
89,Naga Siren,9,201241,4154.0,Carry,49,34,109,10,2012,October
62,Bounty Hunter,9,201241,4064.0,Carry,76,47,68,10,2012,October
80,Lone Druid,8,201241,3540.0,Carry,22,26,56,10,2012,October
54,Lifestealer,7,201241,3352.0,Carry,50,33,43,10,2012,October
11,Shadow Fiend,7,201241,3715.0,Carry,58,30,55,10,2012,October
8,Juggernaut,7,201241,3687.0,Carry,69,31,57,10,2012,October
19,Tiny,7,201241,4254.0,Carry,65,20,61,10,2012,October
20,Vengeful Spirit,6,201241,1327.0,Support,6,35,88,10,2012,October
85,Undying,6,201241,2322.0,Semi-Carry,38,21,65,10,2012,October
16,Sand King,5,201241,1394.0,Support,13,27,53,10,2012,October
56,Clinkz,5,201241,2422.0,Carry,44,19,30,10,2012,October
14,Pudge,5,201241,1971.0,Semi-Carry,49,41,56,10,2012,October
91,Wisp,5,201241,1461.0,Support,19,18,71,10,2012,October
5,Crystal Maiden,5,201241,1311.0,Support,24,24,61,10,2012,October
41,Faceless Void,5,201241,2280.0,Carry,25,19,33,10,2012,October
79,Shadow Demon,4,201241,810.0,Support,13,28,38,10,2012,October
38,Beastmaster,4,201241,1273.0,\N,11,22,65,10,2012,October
13,Puck,3,201241,788.0,\N,10,16,27,10,2012,October
78,Brewmaster,3,201241,1245.0,Carry,19,9,44,10,2012,October
50,Dazzle,3,201241,900.0,\N,15,28,21,10,2012,October
77,Lycan,3,201241,1214.0,Carry,15,13,15,10,2012,October
17,Storm Spirit,3,201241,1297.0,Carry,17,16,26,10,2012,October
31,Lich,3,201241,737.0,Support,14,12,28,10,2012,October
48,Luna,3,201241,1314.0,Carry,17,23,22,10,2012,October
49,Dragon Knight,3,201241,1022.0,Carry,10,16,11,10,2012,October
63,Weaver,3,201241,1009.0,Carry,19,15,27,10,2012,October
28,Slardar,3,201241,1002.0,Carry,9,19,21,10,2012,October
44,Phantom Assassin,2,201241,934.0,Carry,15,9,20,10,2012,October
34,Tinker,2,201241,638.0,Carry,8,13,9,10,2012,October
90,Keeper of the Light,2,201241,703.0,Semi-Carry,9,12,26,10,2012,October
9,Mirana,2,201241,846.0,Carry,15,8,20,10,2012,October
69,Doom Bringer,2,201241,1502.0,Carry,23,12,33,10,2012,October
73,Alchemist,2,201241,1438.0,Carry,17,10,28,10,2012,October
3,Bane,2,201241,453.0,Support,7,7,11,10,2012,October
32,Riki,2,201241,639.0,Carry,12,18,11,10,2012,October
51,Clockwerk,1,201241,208.0,Semi-Carry,1,10,8,10,2012,October
76,Outworld Destroyer,1,201241,302.0,Carry,1,5,0,10,2012,October
12,Phantom Lancer,1,201241,369.0,Carry,1,8,6,10,2012,October
57,Omni Knight,1,201241,350.0,Support,4,5,7,10,2012,October
68,Ancient Apparition,1,201241,184.0,Support,2,11,8,10,2012,October
15,Razor,1,201241,567.0,Carry,12,4,27,10,2012,October
37,Warlock,1,201241,189.0,Support,4,6,7,10,2012,October
25,Lina,1,201241,166.0,Support,0,7,8,10,2012,October
7,Earthshaker,1,201241,238.0,Support,5,6,10,10,2012,October
18,Sven,1,201241,664.0,Carry,13,2,8,10,2012,October
61,Broodmother,1,201241,284.0,Carry,0,4,0,10,2012,October
47,Viper,1,201241,461.0,Carry,4,3,0,10,2012,October
88,Nyx Assassin,1,201241,258.0,Semi-Carry,3,10,19,10,2012,October
64,Jakiro,38,201242,9540.0,Support,118,211,515,10,2012,October
52,Leshrac,31,201242,8583.0,Support,116,192,290,10,2012,October
65,Batrider,24,201242,8147.0,\N,149,112,327,10,2012,October
29,Tidehunter,22,201242,5976.0,Support,68,104,270,10,2012,October
89,Naga Siren,21,201242,8608.0,Carry,89,94,227,10,2012,October
66,Chen,19,201242,5164.0,Jungler,66,100,153,10,2012,October
46,Templar Assassin,19,201242,8431.0,Carry,149,77,160,10,2012,October
86,Rubick,18,201242,4556.0,Support,46,99,203,10,2012,October
39,Queen of Pain,18,201242,8038.0,Carry,172,63,146,10,2012,October
81,Chaos Knight,18,201242,7465.0,Carry,133,92,182,10,2012,October
40,Venomancer,17,201242,4173.0,Support,42,112,209,10,2012,October
62,Bounty Hunter,16,201242,6187.0,Carry,84,65,112,10,2012,October
85,Undying,15,201242,5002.0,Semi-Carry,93,71,235,10,2012,October
33,Enigma,15,201242,5006.0,Jungler,41,86,150,10,2012,October
55,Dark Seer,14,201242,5339.0,\N,46,67,199,10,2012,October
90,Keeper of the Light,13,201242,3846.0,Support,42,55,118,10,2012,October
91,Wisp,12,201242,3142.0,Support,42,66,170,10,2012,October
27,Shadow Shaman,11,201242,3511.0,Support,36,55,104,10,2012,October
3,Bane,11,201242,3008.0,Support,49,50,134,10,2012,October
19,Tiny,11,201242,5030.0,Carry,89,56,102,10,2012,October
21,Windrunner,10,201242,3292.0,Semi-Carry,35,46,71,10,2012,October
53,Furion,10,201242,4564.0,\N,62,57,114,10,2012,October
14,Pudge,9,201242,3057.0,Semi-Carry,73,64,86,10,2012,October
8,Juggernaut,9,201242,3893.0,Carry,61,32,66,10,2012,October
1,Anti-Mage,9,201242,4472.0,Carry,53,32,48,10,2012,October
56,Clinkz,8,201242,4514.0,Carry,84,22,49,10,2012,October
5,Crystal Maiden,8,201242,1547.0,Support,15,52,71,10,2012,October
74,Invoker,7,201242,2346.0,Carry,32,33,63,10,2012,October
78,Brewmaster,7,201242,2375.0,Carry,32,21,75,10,2012,October
45,Pugna,7,201242,2700.0,Semi-Carry,26,45,86,10,2012,October
58,Enchantress,6,201242,1748.0,Jungler,23,36,57,10,2012,October
80,Lone Druid,6,201242,1927.0,Carry,11,25,23,10,2012,October
11,Shadow Fiend,6,201242,3427.0,Carry,45,21,37,10,2012,October
57,Omni Knight,6,201242,1385.0,Support,5,32,19,10,2012,October
16,Sand King,6,201242,1967.0,Semi-Carry,33,29,43,10,2012,October
61,Broodmother,5,201242,2270.0,\N,24,15,26,10,2012,October
13,Puck,4,201242,1407.0,Semi-Carry,27,17,38,10,2012,October
87,Disruptor,4,201242,1009.0,Support,21,22,41,10,2012,October
50,Dazzle,3,201242,801.0,Support,11,14,24,10,2012,October
60,Night Stalker,3,201242,1410.0,Semi-Carry,39,22,35,10,2012,October
77,Lycan,3,201242,1405.0,Carry,14,9,21,10,2012,October
49,Dragon Knight,3,201242,1720.0,Carry,21,7,29,10,2012,October
63,Weaver,3,201242,1443.0,Carry,26,11,12,10,2012,October
69,Doom Bringer,3,201242,1332.0,Carry,13,9,22,10,2012,October
79,Shadow Demon,3,201242,510.0,Support,6,15,26,10,2012,October
54,Lifestealer,3,201242,1256.0,Carry,16,22,22,10,2012,October
41,Faceless Void,3,201242,1550.0,Carry,23,13,20,10,2012,October
51,Clockwerk,3,201242,806.0,Semi-Carry,15,27,42,10,2012,October
34,Tinker,3,201242,985.0,Carry,9,22,33,10,2012,October
18,Sven,3,201242,1108.0,Support,14,17,28,10,2012,October
68,Ancient Apparition,2,201242,376.0,Support,5,9,15,10,2012,October
9,Mirana,2,201242,933.0,Carry,22,7,23,10,2012,October
73,Alchemist,2,201242,1368.0,Carry,3,7,14,10,2012,October
83,Treant Protector,2,201242,519.0,Support,1,7,17,10,2012,October
43,Death Prophet,2,201242,934.0,\N,11,5,10,10,2012,October
31,Lich,2,201242,251.0,Support,0,9,8,10,2012,October
38,Beastmaster,2,201242,578.0,Semi-Carry,5,14,9,10,2012,October
72,Gyrocopter,2,201242,894.0,Semi-Carry,13,9,16,10,2012,October
76,Outworld Destroyer,2,201242,711.0,Carry,9,7,10,10,2012,October
88,Nyx Assassin,2,201242,446.0,Semi-Carry,6,16,23,10,2012,October
37,Warlock,2,201242,712.0,\N,13,10,37,10,2012,October
97,Magnataur,1,201242,334.0,Carry,5,6,5,10,2012,October
75,Silencer,1,201242,190.0,Support,0,10,15,10,2012,October
2,Axe,1,201242,425.0,Jungler,2,4,16,10,2012,October
20,Vengeful Spirit,1,201242,281.0,Support,3,1,17,10,2012,October
30,Witch Doctor,1,201242,148.0,Support,2,6,4,10,2012,October
25,Lina,1,201242,542.0,Support,18,3,11,10,2012,October
23,Kunkka,1,201242,406.0,Carry,6,9,15,10,2012,October
12,Phantom Lancer,1,201242,727.0,Carry,8,0,11,10,2012,October
22,Zeus,1,201242,281.0,Semi-Carry,5,8,22,10,2012,October
10,Morphling,1,201242,445.0,Carry,2,3,6,10,2012,October
70,Ursa,1,201242,625.0,Carry,10,0,8,10,2012,October
28,Slardar,1,201242,304.0,Carry,3,4,5,10,2012,October
64,Jakiro,33,201243,7632.0,Support,98,183,348,10,2012,October
62,Bounty Hunter,27,201243,10947.0,\N,153,130,198,10,2012,October
86,Rubick,22,201243,5785.0,Semi-Carry,82,103,238,10,2012,October
39,Queen of Pain,20,201243,9264.0,Carry,229,80,186,10,2012,October
65,Batrider,20,201243,6361.0,\N,86,103,237,10,2012,October
81,Chaos Knight,19,201243,7630.0,Carry,141,103,184,10,2012,October
74,Invoker,16,201243,6104.0,Carry,84,55,136,10,2012,October
29,Tidehunter,16,201243,4454.0,Support,57,82,207,10,2012,October
90,Keeper of the Light,16,201243,4884.0,Support,48,59,165,10,2012,October
52,Leshrac,14,201243,4069.0,Support,46,87,117,10,2012,October
53,Furion,14,201243,6179.0,Jungler,46,83,128,10,2012,October
46,Templar Assassin,13,201243,5346.0,Carry,87,70,60,10,2012,October
85,Undying,12,201243,3945.0,Semi-Carry,69,56,205,10,2012,October
21,Windrunner,12,201243,4111.0,\N,55,65,120,10,2012,October
55,Dark Seer,11,201243,3649.0,\N,36,54,133,10,2012,October
33,Enigma,10,201243,3399.0,Jungler,21,42,133,10,2012,October
87,Disruptor,9,201243,1759.0,\N,29,46,77,10,2012,October
16,Sand King,9,201243,2098.0,Support,23,74,96,10,2012,October
66,Chen,8,201243,2252.0,Jungler,28,37,92,10,2012,October
91,Wisp,8,201243,2082.0,Support,28,47,92,10,2012,October
78,Brewmaster,8,201243,2673.0,Carry,34,26,96,10,2012,October
11,Shadow Fiend,7,201243,2929.0,Carry,37,50,33,10,2012,October
19,Tiny,7,201243,3733.0,Carry,62,17,71,10,2012,October
40,Venomancer,7,201243,1717.0,Support,26,46,114,10,2012,October
18,Sven,7,201243,2849.0,Carry,38,42,65,10,2012,October
60,Night Stalker,6,201243,2220.0,Semi-Carry,29,20,51,10,2012,October
7,Earthshaker,6,201243,1395.0,Support,15,26,56,10,2012,October
89,Naga Siren,5,201243,2435.0,Carry,25,17,39,10,2012,October
1,Anti-Mage,5,201243,3069.0,Carry,32,11,24,10,2012,October
27,Shadow Shaman,5,201243,1296.0,Support,18,49,42,10,2012,October
25,Lina,5,201243,1134.0,Support,24,32,45,10,2012,October
80,Lone Druid,5,201243,1836.0,Carry,15,23,35,10,2012,October
49,Dragon Knight,5,201243,2481.0,Carry,33,16,37,10,2012,October
8,Juggernaut,4,201243,1855.0,Carry,29,19,30,10,2012,October
79,Shadow Demon,4,201243,817.0,Support,11,27,35,10,2012,October
9,Mirana,4,201243,1955.0,Carry,37,12,51,10,2012,October
56,Clinkz,4,201243,1985.0,Carry,33,21,16,10,2012,October
17,Storm Spirit,3,201243,1450.0,Carry,29,5,34,10,2012,October
12,Phantom Lancer,3,201243,1498.0,Carry,10,11,34,10,2012,October
69,Doom Bringer,3,201243,1346.0,Carry,14,19,27,10,2012,October
41,Faceless Void,3,201243,1637.0,Carry,22,5,28,10,2012,October
34,Tinker,3,201243,1350.0,Carry,20,11,34,10,2012,October
54,Lifestealer,3,201243,1787.0,Carry,22,9,40,10,2012,October
97,Magnataur,3,201243,1085.0,Carry,17,17,20,10,2012,October
35,Sniper,2,201243,679.0,Carry,9,14,13,10,2012,October
68,Ancient Apparition,2,201243,631.0,Semi-Carry,17,16,15,10,2012,October
57,Omni Knight,2,201243,538.0,Support,1,12,15,10,2012,October
3,Bane,2,201243,584.0,Support,6,10,17,10,2012,October
45,Pugna,2,201243,819.0,\N,7,5,8,10,2012,October
13,Puck,2,201243,640.0,Semi-Carry,8,14,18,10,2012,October
14,Pudge,2,201243,751.0,Semi-Carry,23,14,23,10,2012,October
77,Lycan,2,201243,624.0,\N,6,10,21,10,2012,October
5,Crystal Maiden,2,201243,456.0,Support,12,9,30,10,2012,October
61,Broodmother,2,201243,694.0,Carry,10,13,7,10,2012,October
88,Nyx Assassin,2,201243,723.0,Support,13,9,36,10,2012,October
38,Beastmaster,2,201243,546.0,Semi-Carry,4,14,14,10,2012,October
51,Clockwerk,1,201243,276.0,Semi-Carry,3,6,7,10,2012,October
32,Riki,1,201243,247.0,Carry,0,1,0,10,2012,October
20,Vengeful Spirit,1,201243,149.0,Support,1,8,8,10,2012,October
26,Lion,1,201243,170.0,Support,3,6,3,10,2012,October
63,Weaver,1,201243,630.0,Carry,14,1,10,10,2012,October
76,Outworld Destroyer,1,201243,240.0,Carry,1,10,6,10,2012,October
31,Lich,1,201243,211.0,Support,2,3,14,10,2012,October
28,Slardar,1,201243,365.0,Carry,4,6,8,10,2012,October
48,Luna,1,201243,263.0,Carry,3,6,3,10,2012,October
37,Warlock,1,201243,193.0,Support,3,11,4,10,2012,October
2,Axe,1,201243,435.0,Semi-Carry,13,9,10,10,2012,October
15,Razor,1,201243,231.0,Carry,2,8,7,10,2012,October
64,Jakiro,34,201244,8508.0,Support,104,148,387,10,2012,October
81,Chaos Knight,25,201244,9503.0,Carry,163,117,233,10,2012,October
62,Bounty Hunter,20,201244,6941.0,\N,107,110,106,10,2012,October
46,Templar Assassin,19,201244,8450.0,Carry,147,87,149,10,2012,October
65,Batrider,19,201244,7259.0,Semi-Carry,97,83,268,10,2012,October
86,Rubick,18,201244,4438.0,Semi-Carry,55,101,202,10,2012,October
39,Queen of Pain,17,201244,6731.0,Carry,110,69,116,10,2012,October
55,Dark Seer,16,201244,5523.0,\N,55,84,132,10,2012,October
29,Tidehunter,14,201244,3746.0,Support,57,72,167,10,2012,October
78,Brewmaster,13,201244,4086.0,Carry,52,67,112,10,2012,October
52,Leshrac,13,201244,3500.0,Semi-Carry,27,67,113,10,2012,October
66,Chen,11,201244,2962.0,Jungler,36,40,57,10,2012,October
89,Naga Siren,11,201244,4845.0,Carry,41,40,64,10,2012,October
91,Wisp,11,201244,2828.0,Support,46,56,120,10,2012,October
74,Invoker,11,201244,3701.0,Carry,59,43,56,10,2012,October
87,Disruptor,10,201244,2021.0,Support,32,48,102,10,2012,October
11,Shadow Fiend,10,201244,5692.0,Carry,96,34,74,10,2012,October
21,Windrunner,10,201244,2858.0,Support,41,55,49,10,2012,October
90,Keeper of the Light,10,201244,2760.0,Support,21,48,97,10,2012,October
85,Undying,9,201244,2636.0,Semi-Carry,32,33,74,10,2012,October
60,Night Stalker,9,201244,3440.0,Semi-Carry,61,22,89,10,2012,October
33,Enigma,8,201244,2571.0,\N,18,37,91,10,2012,October
18,Sven,8,201244,3303.0,Carry,50,35,84,10,2012,October
25,Lina,7,201244,1944.0,Support,51,42,73,10,2012,October
40,Venomancer,7,201244,1436.0,Support,14,41,60,10,2012,October
53,Furion,7,201244,3740.0,Jungler,37,27,94,10,2012,October
58,Enchantress,6,201244,1540.0,Jungler,27,38,35,10,2012,October
28,Slardar,6,201244,2591.0,Carry,33,20,53,10,2012,October
19,Tiny,6,201244,2742.0,Carry,39,23,50,10,2012,October
27,Shadow Shaman,6,201244,2016.0,Support,18,32,68,10,2012,October
20,Vengeful Spirit,5,201244,805.0,Support,5,27,38,10,2012,October
14,Pudge,5,201244,1250.0,Semi-Carry,21,28,38,10,2012,October
54,Lifestealer,4,201244,1668.0,Carry,16,9,18,10,2012,October
8,Juggernaut,4,201244,1676.0,Carry,30,18,38,10,2012,October
5,Crystal Maiden,4,201244,812.0,Support,6,21,44,10,2012,October
3,Bane,4,201244,962.0,Support,10,18,61,10,2012,October
16,Sand King,4,201244,1032.0,Support,9,24,31,10,2012,October
61,Broodmother,4,201244,1787.0,\N,16,16,18,10,2012,October
79,Shadow Demon,3,201244,541.0,Support,3,22,37,10,2012,October
2,Axe,3,201244,661.0,Semi-Carry,4,20,10,10,2012,October
73,Alchemist,3,201244,1401.0,Carry,7,22,41,10,2012,October
49,Dragon Knight,3,201244,1144.0,Carry,6,12,16,10,2012,October
12,Phantom Lancer,3,201244,1570.0,Carry,21,14,24,10,2012,October
88,Nyx Assassin,3,201244,775.0,Semi-Carry,15,14,56,10,2012,October
97,Magnataur,3,201244,980.0,Carry,14,12,23,10,2012,October
56,Clinkz,3,201244,1262.0,Carry,25,16,22,10,2012,October
13,Puck,3,201244,932.0,Semi-Carry,11,15,16,10,2012,October
34,Tinker,3,201244,924.0,Carry,10,18,20,10,2012,October
17,Storm Spirit,2,201244,743.0,Carry,8,14,14,10,2012,October
1,Anti-Mage,2,201244,1075.0,Carry,19,7,10,10,2012,October
48,Luna,2,201244,1368.0,Carry,10,1,22,10,2012,October
68,Ancient Apparition,2,201244,401.0,Support,4,9,25,10,2012,October
38,Beastmaster,2,201244,410.0,\N,2,9,10,10,2012,October
80,Lone Druid,2,201244,1096.0,Carry,14,5,25,10,2012,October
51,Clockwerk,1,201244,234.0,Semi-Carry,3,9,4,11,2012,November
70,Ursa,1,201244,531.0,Carry,15,4,6,10,2012,October
35,Sniper,1,201244,442.0,Carry,8,1,5,10,2012,October
69,Doom Bringer,1,201244,478.0,Carry,3,1,4,10,2012,October
9,Mirana,1,201244,454.0,Carry,8,1,7,10,2012,October
26,Lion,1,201244,243.0,Support,6,9,8,10,2012,October
7,Earthshaker,1,201244,210.0,Support,1,6,2,10,2012,October
50,Dazzle,1,201244,196.0,Support,1,6,17,10,2012,October
45,Pugna,1,201244,296.0,\N,4,8,5,10,2012,October
63,Weaver,1,201244,439.0,Carry,2,1,6,10,2012,October
23,Kunkka,1,201244,476.0,Carry,8,1,14,10,2012,October
36,Necrolyte,1,201244,495.0,Carry,10,5,18,11,2012,November
76,Outworld Destroyer,1,201244,541.0,Carry,11,3,12,10,2012,October
64,Jakiro,37,201245,9439.0,Support,122,208,469,11,2012,November
62,Bounty Hunter,27,201245,10604.0,Carry,191,123,206,11,2012,November
39,Queen of Pain,26,201245,11571.0,Carry,237,123,189,11,2012,November
86,Rubick,23,201245,6155.0,Semi-Carry,71,157,299,11,2012,November
52,Leshrac,23,201245,6322.0,Support,85,142,278,11,2012,November
46,Templar Assassin,20,201245,8440.0,Carry,152,94,105,11,2012,November
53,Furion,19,201245,9383.0,Carry,117,108,263,11,2012,November
18,Sven,18,201245,8278.0,Carry,124,88,163,11,2012,November
81,Chaos Knight,15,201245,6107.0,Carry,115,77,140,11,2012,November
33,Enigma,15,201245,5069.0,Jungler,29,69,177,11,2012,November
55,Dark Seer,12,201245,4502.0,Semi-Carry,47,63,164,11,2012,November
29,Tidehunter,12,201245,3159.0,Support,37,85,161,11,2012,November
65,Batrider,11,201245,4091.0,Semi-Carry,91,49,140,11,2012,November
40,Venomancer,10,201245,2900.0,Support,28,50,154,11,2012,November
60,Night Stalker,10,201245,3782.0,Semi-Carry,75,61,90,11,2012,November
21,Windrunner,10,201245,3668.0,Semi-Carry,48,49,98,11,2012,November
90,Keeper of the Light,9,201245,2811.0,Support,20,33,114,11,2012,November
91,Wisp,9,201245,2671.0,Support,51,58,128,11,2012,November
16,Sand King,9,201245,2309.0,Support,25,57,77,11,2012,November
28,Slardar,8,201245,2883.0,Carry,41,30,92,11,2012,November
87,Disruptor,8,201245,1769.0,Support,26,50,94,11,2012,November
79,Shadow Demon,8,201245,1741.0,Support,26,57,68,11,2012,November
66,Chen,8,201245,2501.0,Jungler,24,33,73,11,2012,November
74,Invoker,7,201245,2673.0,Carry,46,29,93,11,2012,November
89,Naga Siren,7,201245,3248.0,Carry,31,27,72,11,2012,November
11,Shadow Fiend,7,201245,3923.0,Carry,74,35,55,11,2012,November
78,Brewmaster,7,201245,2601.0,Carry,31,31,84,11,2012,November
13,Puck,7,201245,2501.0,Semi-Carry,47,42,84,11,2012,November
85,Undying,7,201245,2358.0,Semi-Carry,27,35,100,11,2012,November
5,Crystal Maiden,6,201245,1104.0,Support,7,41,53,11,2012,November
27,Shadow Shaman,6,201245,1734.0,Support,16,25,48,11,2012,November
1,Anti-Mage,5,201245,2750.0,Carry,32,23,23,11,2012,November
34,Tinker,5,201245,2115.0,Carry,31,32,41,11,2012,November
25,Lina,5,201245,1637.0,Support,35,22,55,11,2012,November
80,Lone Druid,5,201245,2207.0,Carry,23,19,33,11,2012,November
19,Tiny,5,201245,2717.0,Carry,50,30,50,11,2012,November
57,Omni Knight,4,201245,1017.0,Support,8,20,21,11,2012,November
26,Lion,3,201245,594.0,Support,11,21,19,11,2012,November
49,Dragon Knight,3,201245,1193.0,Carry,9,10,20,11,2012,November
73,Alchemist,3,201245,1456.0,Carry,10,16,17,11,2012,November
7,Earthshaker,3,201245,641.0,Support,9,17,45,11,2012,November
97,Magnataur,3,201245,1097.0,Carry,11,14,33,11,2012,November
58,Enchantress,3,201245,753.0,Jungler,13,23,23,11,2012,November
54,Lifestealer,3,201245,1436.0,Carry,18,13,29,11,2012,November
31,Lich,3,201245,488.0,Support,5,25,32,11,2012,November
14,Pudge,3,201245,1254.0,Semi-Carry,29,14,34,11,2012,November
38,Beastmaster,3,201245,1091.0,Semi-Carry,12,17,51,11,2012,November
48,Luna,2,201245,1281.0,Carry,28,11,26,11,2012,November
3,Bane,2,201245,429.0,Support,3,11,8,11,2012,November
17,Storm Spirit,2,201245,971.0,Carry,22,8,31,11,2012,November
61,Broodmother,2,201245,976.0,Carry,9,0,5,11,2012,November
8,Juggernaut,2,201245,715.0,Carry,10,16,8,11,2012,November
15,Razor,2,201245,712.0,Carry,10,11,17,11,2012,November
88,Nyx Assassin,2,201245,566.0,Support,6,10,32,11,2012,November
56,Clinkz,1,201245,447.0,Carry,9,9,3,11,2012,November
36,Necrolyte,1,201245,283.0,Carry,0,4,0,11,2012,November
30,Witch Doctor,1,201245,184.0,Support,4,11,9,11,2012,November
9,Mirana,1,201245,544.0,Carry,8,2,6,11,2012,November
35,Sniper,1,201245,368.0,Carry,6,8,5,11,2012,November
47,Viper,1,201245,382.0,Carry,7,7,13,11,2012,November
68,Ancient Apparition,1,201245,216.0,Support,5,5,9,11,2012,November
41,Faceless Void,1,201245,676.0,Carry,12,2,6,11,2012,November
92,Visage,1,201245,206.0,Support,4,10,3,11,2012,November
59,Huskar,1,201245,313.0,Carry,5,9,1,11,2012,November
51,Clockwerk,1,201245,242.0,Semi-Carry,4,8,15,11,2012,November
70,Ursa,1,201245,489.0,Carry,9,2,6,11,2012,November
2,Axe,1,201245,377.0,Jungler,7,8,10,11,2012,November
23,Kunkka,1,201245,257.0,Carry,2,6,3,11,2012,November
77,Lycan,1,201245,557.0,Carry,5,0,5,11,2012,November
43,Death Prophet,1,201245,247.0,Semi-Carry,0,6,0,11,2012,November
64,Jakiro,34,201246,7617.0,Support,81,183,325,11,2012,November
86,Rubick,27,201246,6587.0,Support,79,129,275,11,2012,November
55,Dark Seer,23,201246,8197.0,Jungler,84,111,241,11,2012,November
39,Queen of Pain,22,201246,9042.0,Carry,149,88,174,11,2012,November
62,Bounty Hunter,19,201246,6904.0,Carry,101,111,146,11,2012,November
18,Sven,19,201246,8666.0,Carry,122,85,127,11,2012,November
46,Templar Assassin,17,201246,7297.0,Carry,107,74,97,11,2012,November
53,Furion,15,201246,7299.0,Jungler,85,80,183,11,2012,November
90,Keeper of the Light,15,201246,4197.0,Support,37,55,139,11,2012,November
97,Magnataur,14,201246,5159.0,Carry,83,59,147,11,2012,November
33,Enigma,12,201246,4103.0,Jungler,40,57,133,11,2012,November
85,Undying,12,201246,3785.0,Semi-Carry,49,49,95,11,2012,November
81,Chaos Knight,11,201246,4094.0,Carry,54,76,93,11,2012,November
21,Windrunner,11,201246,3033.0,Support,38,52,70,11,2012,November
66,Chen,11,201246,3101.0,Jungler,39,56,120,11,2012,November
60,Night Stalker,10,201246,3769.0,Semi-Carry,59,46,93,11,2012,November
52,Leshrac,10,201246,3468.0,Support,52,58,106,11,2012,November
87,Disruptor,10,201246,1720.0,Support,24,69,116,11,2012,November
16,Sand King,9,201246,2893.0,Semi-Carry,45,42,108,11,2012,November
65,Batrider,9,201246,3204.0,Semi-Carry,48,42,108,11,2012,November
91,Wisp,8,201246,2017.0,Support,26,40,107,11,2012,November
29,Tidehunter,8,201246,2226.0,Support,25,31,78,11,2012,November
27,Shadow Shaman,8,201246,2170.0,Support,21,49,86,11,2012,November
11,Shadow Fiend,7,201246,4385.0,Carry,68,19,61,11,2012,November
78,Brewmaster,7,201246,2522.0,Carry,33,9,76,11,2012,November
74,Invoker,7,201246,2674.0,Carry,38,42,83,11,2012,November
25,Lina,6,201246,1241.0,Support,15,38,42,11,2012,November
79,Shadow Demon,6,201246,1370.0,Support,25,43,46,11,2012,November
89,Naga Siren,6,201246,2973.0,Carry,24,13,54,11,2012,November
19,Tiny,5,201246,3247.0,Carry,55,17,36,11,2012,November
13,Puck,5,201246,1637.0,Semi-Carry,26,34,50,11,2012,November
40,Venomancer,5,201246,1139.0,Support,4,25,59,11,2012,November
54,Lifestealer,5,201246,2331.0,Carry,29,14,24,11,2012,November
41,Faceless Void,5,201246,3560.0,Carry,64,14,30,11,2012,November
80,Lone Druid,5,201246,2849.0,Carry,26,4,34,11,2012,November
56,Clinkz,5,201246,2207.0,Carry,22,21,24,11,2012,November
3,Bane,4,201246,1217.0,Support,13,19,30,11,2012,November
58,Enchantress,4,201246,808.0,Jungler,8,17,14,11,2012,November
1,Anti-Mage,4,201246,2655.0,Carry,27,16,10,11,2012,November
8,Juggernaut,4,201246,1889.0,Carry,19,8,27,11,2012,November
7,Earthshaker,3,201246,635.0,Support,9,20,50,11,2012,November
34,Tinker,3,201246,1389.0,Carry,18,20,39,11,2012,November
38,Beastmaster,3,201246,720.0,\N,3,13,25,11,2012,November
92,Visage,3,201246,881.0,Support,27,17,23,11,2012,November
9,Mirana,3,201246,1339.0,Carry,27,15,32,11,2012,November
12,Phantom Lancer,3,201246,1670.0,Carry,16,10,23,11,2012,November
68,Ancient Apparition,2,201246,452.0,Support,4,7,27,11,2012,November
57,Omni Knight,2,201246,466.0,Support,2,11,7,11,2012,November
61,Broodmother,2,201246,720.0,Carry,3,6,1,11,2012,November
28,Slardar,2,201246,816.0,Carry,12,9,18,11,2012,November
76,Outworld Destroyer,2,201246,911.0,Carry,12,4,9,11,2012,November
14,Pudge,2,201246,663.0,Semi-Carry,13,15,14,11,2012,November
20,Vengeful Spirit,2,201246,560.0,Support,4,10,33,11,2012,November
63,Weaver,1,201246,420.0,Carry,4,1,3,11,2012,November
31,Lich,1,201246,252.0,Support,3,1,10,11,2012,November
45,Pugna,1,201246,380.0,Semi-Carry,3,3,3,11,2012,November
10,Morphling,1,201246,451.0,Carry,11,6,8,11,2012,November
77,Lycan,1,201246,410.0,Jungler,5,7,8,11,2012,November
73,Alchemist,1,201246,619.0,Carry,8,5,11,11,2012,November
88,Nyx Assassin,1,201246,260.0,Support,5,4,10,11,2012,November
50,Dazzle,1,201246,271.0,Support,1,8,11,11,2012,November
5,Crystal Maiden,1,201246,171.0,Support,1,4,10,11,2012,November
36,Necrolyte,1,201246,316.0,Carry,0,6,1,11,2012,November
15,Razor,1,201246,294.0,Carry,1,5,2,11,2012,November
26,Lion,1,201246,357.0,Support,7,3,9,11,2012,November
17,Storm Spirit,1,201246,582.0,Carry,14,4,16,11,2012,November
32,Riki,1,201246,382.0,Carry,10,9,4,11,2012,November
64,Jakiro,65,201247,15508.0,Support,188,307,729,11,2012,November
18,Sven,49,201247,21982.0,\N,280,254,345,11,2012,November
86,Rubick,47,201247,10495.0,Support,123,316,478,11,2012,November
55,Dark Seer,40,201247,13448.0,Jungler,130,217,421,11,2012,November
46,Templar Assassin,39,201247,17550.0,Carry,319,168,235,11,2012,November
97,Magnataur,38,201247,13248.0,Carry,202,159,437,11,2012,November
62,Bounty Hunter,36,201247,15075.0,Carry,241,156,249,11,2012,November
21,Windrunner,32,201247,11653.0,Support,157,117,296,11,2012,November
33,Enigma,32,201247,10555.0,\N,57,135,348,11,2012,November
52,Leshrac,31,201247,8816.0,Support,118,165,287,11,2012,November
85,Undying,29,201247,7871.0,Semi-Carry,115,132,357,11,2012,November
39,Queen of Pain,26,201247,10650.0,Carry,196,129,186,11,2012,November
90,Keeper of the Light,22,201247,5998.0,Support,56,81,173,11,2012,November
79,Shadow Demon,20,201247,4177.0,Support,48,103,212,11,2012,November
40,Venomancer,20,201247,4624.0,Support,42,123,283,11,2012,November
91,Wisp,19,201247,5121.0,Support,66,87,231,11,2012,November
60,Night Stalker,18,201247,6716.0,Semi-Carry,103,60,138,11,2012,November
81,Chaos Knight,18,201247,7987.0,Carry,124,72,199,11,2012,November
41,Faceless Void,18,201247,10003.0,Carry,143,64,154,11,2012,November
65,Batrider,17,201247,5636.0,\N,107,78,210,11,2012,November
29,Tidehunter,17,201247,4763.0,Support,46,87,190,11,2012,November
48,Luna,16,201247,7775.0,Carry,82,59,146,11,2012,November
66,Chen,15,201247,4178.0,Jungler,44,64,150,11,2012,November
27,Shadow Shaman,12,201247,2967.0,Support,35,67,103,11,2012,November
80,Lone Druid,11,201247,5267.0,Carry,39,35,77,11,2012,November
20,Vengeful Spirit,10,201247,2143.0,Support,13,55,119,11,2012,November
53,Furion,10,201247,4220.0,\N,39,48,104,11,2012,November
38,Beastmaster,10,201247,3426.0,Semi-Carry,38,48,100,11,2012,November
89,Naga Siren,10,201247,4761.0,Carry,49,27,104,11,2012,November
87,Disruptor,10,201247,2014.0,Support,23,52,139,11,2012,November
54,Lifestealer,9,201247,4599.0,Carry,56,36,90,11,2012,November
3,Bane,9,201247,2208.0,Support,34,54,89,11,2012,November
74,Invoker,8,201247,2823.0,Carry,34,32,66,11,2012,November
25,Lina,7,201247,1752.0,Support,34,35,62,11,2012,November
9,Mirana,7,201247,2620.0,\N,39,38,55,11,2012,November
8,Juggernaut,7,201247,3027.0,Carry,52,30,44,11,2012,November
11,Shadow Fiend,7,201247,4053.0,Carry,62,25,60,11,2012,November
49,Dragon Knight,7,201247,2376.0,Carry,24,39,59,11,2012,November
56,Clinkz,7,201247,3621.0,Carry,70,18,35,11,2012,November
61,Broodmother,6,201247,2591.0,Carry,17,21,36,11,2012,November
78,Brewmaster,6,201247,2074.0,Carry,26,18,63,11,2012,November
1,Anti-Mage,5,201247,2603.0,Carry,26,22,41,11,2012,November
14,Pudge,5,201247,1714.0,Semi-Carry,37,33,55,11,2012,November
72,Gyrocopter,5,201247,2927.0,Semi-Carry,54,19,50,11,2012,November
47,Viper,5,201247,1636.0,Carry,22,23,19,11,2012,November
13,Puck,4,201247,1624.0,Semi-Carry,28,24,54,11,2012,November
77,Lycan,4,201247,1709.0,Jungler,15,10,25,11,2012,November
17,Storm Spirit,4,201247,1327.0,Carry,23,32,20,11,2012,November
19,Tiny,4,201247,1794.0,Carry,27,19,19,11,2012,November
44,Phantom Assassin,3,201247,1634.0,Carry,26,11,33,11,2012,November
2,Axe,3,201247,933.0,Semi-Carry,15,15,15,11,2012,November
34,Tinker,3,201247,1515.0,Carry,17,14,53,11,2012,November
36,Necrolyte,3,201247,895.0,Carry,4,25,10,11,2012,November
5,Crystal Maiden,3,201247,526.0,Support,5,20,20,11,2012,November
43,Death Prophet,3,201247,1243.0,\N,18,17,9,11,2012,November
7,Earthshaker,2,201247,571.0,Support,3,6,16,11,2012,November
88,Nyx Assassin,2,201247,691.0,Support,16,5,27,11,2012,November
16,Sand King,2,201247,436.0,Support,3,10,7,11,2012,November
23,Kunkka,2,201247,901.0,Carry,10,11,26,11,2012,November
31,Lich,2,201247,472.0,Support,2,14,13,11,2012,November
51,Clockwerk,1,201247,340.0,Semi-Carry,17,6,4,11,2012,November
12,Phantom Lancer,1,201247,535.0,Carry,2,6,2,11,2012,November
50,Dazzle,1,201247,206.0,\N,0,10,7,11,2012,November
76,Outworld Destroyer,1,201247,580.0,Carry,11,0,2,11,2012,November
63,Weaver,1,201247,377.0,Carry,5,5,8,11,2012,November
30,Witch Doctor,1,201247,319.0,Support,5,5,19,11,2012,November
73,Alchemist,1,201247,349.0,Carry,3,9,13,11,2012,November
57,Omni Knight,1,201247,267.0,Semi-Carry,0,6,2,11,2012,November
67,Spectre,1,201247,378.0,Carry,10,6,12,11,2012,November
64,Jakiro,18,201248,4456.0,Support,65,96,209,11,2012,November
55,Dark Seer,16,201248,5624.0,Semi-Carry,50,92,176,11,2012,November
18,Sven,14,201248,6965.0,Carry,106,53,113,11,2012,November
33,Enigma,13,201248,4612.0,Jungler,29,47,138,11,2012,November
86,Rubick,13,201248,2944.0,Support,32,76,162,11,2012,November
85,Undying,10,201248,3148.0,Semi-Carry,44,70,157,11,2012,November
91,Wisp,10,201248,2496.0,Support,37,43,145,11,2012,November
46,Templar Assassin,10,201248,4416.0,Carry,79,60,71,11,2012,November
39,Queen of Pain,9,201248,3787.0,Carry,67,44,67,11,2012,November
62,Bounty Hunter,9,201248,3276.0,\N,39,56,62,11,2012,November
72,Gyrocopter,9,201248,4763.0,Semi-Carry,86,56,86,11,2012,November
79,Shadow Demon,8,201248,1761.0,Support,25,38,71,11,2012,November
90,Keeper of the Light,8,201248,1973.0,Support,20,53,53,11,2012,November
21,Windrunner,8,201248,2863.0,Support,38,35,63,11,2012,November
54,Lifestealer,7,201248,3837.0,Carry,49,33,58,11,2012,November
80,Lone Druid,7,201248,3458.0,Carry,35,25,49,11,2012,November
65,Batrider,6,201248,1945.0,Semi-Carry,33,33,71,11,2012,November
97,Magnataur,5,201248,1752.0,Carry,23,20,71,11,2012,November
29,Tidehunter,5,201248,1264.0,Support,18,37,70,11,2012,November
66,Chen,5,201248,1512.0,Jungler,18,10,53,11,2012,November
74,Invoker,5,201248,2276.0,Carry,49,27,67,11,2012,November
81,Chaos Knight,4,201248,1773.0,Carry,56,28,55,11,2012,November
25,Lina,3,201248,841.0,Support,7,8,30,11,2012,November
60,Night Stalker,3,201248,751.0,Semi-Carry,10,20,16,11,2012,November
41,Faceless Void,3,201248,1271.0,Carry,12,10,16,11,2012,November
20,Vengeful Spirit,3,201248,983.0,Support,7,13,55,11,2012,November
89,Naga Siren,3,201248,1461.0,Carry,10,7,28,11,2012,November
52,Leshrac,3,201248,867.0,Support,16,17,27,11,2012,November
61,Broodmother,3,201248,1500.0,Carry,7,9,12,11,2012,November
38,Beastmaster,3,201248,907.0,\N,8,19,33,11,2012,November
48,Luna,3,201248,1635.0,Carry,35,8,25,11,2012,November
12,Phantom Lancer,2,201248,1017.0,Carry,13,8,12,11,2012,November
17,Storm Spirit,2,201248,849.0,\N,15,8,12,11,2012,November
13,Puck,2,201248,595.0,Semi-Carry,9,10,4,11,2012,November
87,Disruptor,2,201248,595.0,Support,9,10,30,11,2012,November
19,Tiny,2,201248,1377.0,Carry,28,4,25,11,2012,November
58,Enchantress,2,201248,509.0,Jungler,5,18,34,11,2012,November
40,Venomancer,2,201248,297.0,Support,0,7,10,11,2012,November
53,Furion,2,201248,873.0,\N,8,5,12,11,2012,November
11,Shadow Fiend,2,201248,1013.0,Carry,5,5,13,11,2012,November
34,Tinker,2,201248,848.0,Carry,14,4,22,11,2012,November
88,Nyx Assassin,2,201248,523.0,Support,8,10,36,11,2012,November
2,Axe,1,201248,375.0,Jungler,3,2,10,11,2012,November
76,Outworld Destroyer,1,201248,318.0,Carry,3,4,2,11,2012,November
26,Lion,1,201248,222.0,Support,4,3,7,11,2012,November
27,Shadow Shaman,1,201248,276.0,Support,2,13,13,11,2012,November
78,Brewmaster,1,201248,289.0,Carry,3,6,6,12,2012,December
45,Pugna,1,201248,388.0,Semi-Carry,9,5,21,11,2012,November
1,Anti-Mage,1,201248,355.0,Carry,1,5,0,11,2012,November
84,Ogre Magi,1,201248,206.0,Support,0,4,12,11,2012,November
5,Crystal Maiden,1,201248,293.0,Support,7,10,18,11,2012,November
30,Witch Doctor,1,201248,229.0,Support,0,8,2,11,2012,November
43,Death Prophet,1,201248,295.0,\N,2,3,3,11,2012,November
9,Mirana,1,201248,440.0,Carry,4,2,6,11,2012,November
64,Jakiro,57,201249,13926.0,Support,173,275,596,12,2012,December
55,Dark Seer,45,201249,16603.0,Semi-Carry,162,230,462,12,2012,December
86,Rubick,42,201249,9545.0,Support,104,257,415,12,2012,December
48,Luna,39,201249,20577.0,Carry,263,161,333,12,2012,December
46,Templar Assassin,39,201249,17057.0,Carry,275,159,240,12,2012,December
62,Bounty Hunter,32,201249,12083.0,\N,163,172,174,12,2012,December
18,Sven,26,201249,11975.0,\N,186,122,228,12,2012,December
79,Shadow Demon,25,201249,5123.0,Support,71,146,224,12,2012,December
39,Queen of Pain,25,201249,9867.0,Carry,157,124,233,12,2012,December
65,Batrider,24,201249,8004.0,\N,113,129,261,12,2012,December
66,Chen,21,201249,6253.0,Jungler,47,61,149,12,2012,December
33,Enigma,20,201249,7385.0,Jungler,45,77,201,12,2012,December
60,Night Stalker,18,201249,6347.0,Semi-Carry,88,76,130,12,2012,December
91,Wisp,18,201249,4980.0,Support,69,90,257,12,2012,December
90,Keeper of the Light,17,201249,4684.0,Support,58,108,127,12,2012,December
85,Undying,17,201249,4432.0,Semi-Carry,59,84,192,12,2012,December
97,Magnataur,14,201249,5279.0,Carry,92,62,144,12,2012,December
78,Brewmaster,14,201249,4715.0,Carry,56,68,134,12,2012,December
52,Leshrac,14,201249,4240.0,Semi-Carry,54,73,162,12,2012,December
38,Beastmaster,13,201249,4283.0,Semi-Carry,42,54,151,12,2012,December
88,Nyx Assassin,13,201249,3059.0,Support,51,63,169,12,2012,December
80,Lone Druid,12,201249,6642.0,Carry,74,35,116,12,2012,December
81,Chaos Knight,11,201249,4800.0,Carry,86,60,103,12,2012,December
41,Faceless Void,10,201249,5274.0,Carry,71,33,84,12,2012,December
11,Shadow Fiend,9,201249,4583.0,Carry,62,43,78,12,2012,December
25,Lina,9,201249,2654.0,Support,45,48,80,12,2012,December
54,Lifestealer,9,201249,4619.0,Carry,48,36,48,12,2012,December
72,Gyrocopter,9,201249,5357.0,Semi-Carry,80,38,98,12,2012,December
58,Enchantress,8,201249,2406.0,Jungler,42,40,53,12,2012,December
20,Vengeful Spirit,8,201249,1543.0,Support,13,39,74,12,2012,December
21,Windrunner,8,201249,3015.0,Semi-Carry,25,22,53,12,2012,December
89,Naga Siren,7,201249,2556.0,Carry,15,21,61,12,2012,December
51,Clockwerk,7,201249,1821.0,Semi-Carry,22,40,59,12,2012,December
1,Anti-Mage,7,201249,4569.0,Carry,65,34,29,12,2012,December
56,Clinkz,7,201249,3534.0,Carry,56,17,24,12,2012,December
53,Furion,6,201249,3236.0,\N,44,28,78,12,2012,December
87,Disruptor,6,201249,1141.0,Support,10,32,68,12,2012,December
40,Venomancer,6,201249,1388.0,Support,15,36,57,12,2012,December
19,Tiny,6,201249,3594.0,Carry,52,20,58,12,2012,December
8,Juggernaut,6,201249,1656.0,Carry,25,29,26,12,2012,December
3,Bane,5,201249,1169.0,Support,15,23,44,12,2012,December
5,Crystal Maiden,5,201249,1043.0,Support,10,28,42,12,2012,December
74,Invoker,4,201249,1612.0,Carry,20,17,38,12,2012,December
29,Tidehunter,3,201249,969.0,Support,12,12,36,12,2012,December
34,Tinker,2,201249,841.0,Carry,14,12,19,12,2012,December
28,Slardar,2,201249,607.0,Carry,8,13,21,12,2012,December
9,Mirana,2,201249,668.0,Carry,15,11,15,12,2012,December
12,Phantom Lancer,2,201249,909.0,Carry,9,8,14,12,2012,December
49,Dragon Knight,2,201249,999.0,Carry,18,6,12,12,2012,December
13,Puck,2,201249,822.0,Semi-Carry,16,8,21,12,2012,December
17,Storm Spirit,1,201249,327.0,Carry,4,5,14,12,2012,December
45,Pugna,1,201249,335.0,\N,10,11,17,12,2012,December
27,Shadow Shaman,1,201249,301.0,Support,2,8,11,12,2012,December
61,Broodmother,1,201249,459.0,Carry,6,6,7,12,2012,December
44,Phantom Assassin,1,201249,676.0,Carry,6,1,8,12,2012,December
32,Riki,1,201249,316.0,Carry,4,3,5,12,2012,December
7,Earthshaker,1,201249,264.0,Support,1,7,14,12,2012,December
77,Lycan,1,201249,525.0,Jungler,2,2,12,12,2012,December
50,Dazzle,1,201249,243.0,Support,4,3,9,12,2012,December
31,Lich,1,201249,171.0,Support,5,9,7,12,2012,December
2,Axe,1,201249,202.0,\N,1,10,3,12,2012,December
73,Alchemist,1,201249,478.0,Carry,2,1,2,12,2012,December
76,Outworld Destroyer,1,201249,308.0,Carry,5,7,5,12,2012,December
23,Kunkka,1,201249,348.0,Carry,0,0,10,12,2012,December
36,Necrolyte,1,201249,301.0,Carry,0,5,0,12,2012,December
35,Sniper,1,201249,457.0,Carry,5,3,5,12,2012,December
14,Pudge,1,201249,255.0,Semi-Carry,1,5,2,12,2012,December
64,Jakiro,69,201250,16038.0,Support,163,372,742,12,2012,December
55,Dark Seer,57,201250,19890.0,\N,211,275,535,12,2012,December
46,Templar Assassin,51,201250,23809.0,Carry,452,177,357,12,2012,December
79,Shadow Demon,43,201250,9027.0,Support,102,262,426,12,2012,December
48,Luna,41,201250,21767.0,Carry,275,155,363,12,2012,December
62,Bounty Hunter,35,201250,14562.0,Carry,202,157,227,12,2012,December
86,Rubick,33,201250,8308.0,Support,96,168,316,12,2012,December
80,Lone Druid,26,201250,12849.0,Carry,100,88,159,12,2012,December
52,Leshrac,26,201250,7335.0,Support,101,155,270,12,2012,December
39,Queen of Pain,26,201250,9543.0,Carry,153,127,171,12,2012,December
88,Nyx Assassin,25,201250,6072.0,Support,94,141,309,12,2012,December
18,Sven,24,201250,9996.0,Carry,132,129,222,12,2012,December
85,Undying,23,201250,7058.0,Semi-Carry,90,88,321,12,2012,December
33,Enigma,21,201250,6992.0,\N,50,98,169,12,2012,December
21,Windrunner,19,201250,6164.0,Support,84,83,127,12,2012,December
72,Gyrocopter,18,201250,10568.0,Semi-Carry,143,63,180,12,2012,December
53,Furion,18,201250,8331.0,Jungler,85,63,175,12,2012,December
91,Wisp,18,201250,4555.0,Support,60,110,215,12,2012,December
54,Lifestealer,17,201250,9503.0,Carry,111,59,98,12,2012,December
90,Keeper of the Light,15,201250,4045.0,Support,45,83,113,12,2012,December
97,Magnataur,15,201250,5559.0,Carry,88,78,167,12,2012,December
65,Batrider,13,201250,4529.0,Semi-Carry,93,72,155,12,2012,December
56,Clinkz,12,201250,6574.0,Carry,121,40,81,12,2012,December
66,Chen,12,201250,3013.0,Jungler,18,48,77,12,2012,December
74,Invoker,11,201250,4859.0,Carry,54,44,130,12,2012,December
81,Chaos Knight,10,201250,3719.0,Carry,59,66,101,12,2012,December
40,Venomancer,9,201250,1817.0,Support,18,63,77,12,2012,December
29,Tidehunter,9,201250,2030.0,Semi-Carry,24,52,75,12,2012,December
25,Lina,8,201250,2361.0,Support,36,55,83,12,2012,December
60,Night Stalker,7,201250,2694.0,Semi-Carry,49,19,41,12,2012,December
11,Shadow Fiend,7,201250,2692.0,Carry,25,58,45,12,2012,December
87,Disruptor,7,201250,1539.0,Support,17,30,88,12,2012,December
20,Vengeful Spirit,7,201250,1641.0,Support,21,45,74,12,2012,December
61,Broodmother,7,201250,2597.0,Carry,21,23,28,12,2012,December
41,Faceless Void,6,201250,2724.0,Carry,38,29,51,12,2012,December
78,Brewmaster,6,201250,2292.0,Carry,30,23,54,12,2012,December
3,Bane,6,201250,1648.0,Semi-Carry,31,30,61,12,2012,December
16,Sand King,6,201250,1911.0,Semi-Carry,35,37,51,12,2012,December
12,Phantom Lancer,5,201250,2297.0,Carry,30,21,33,12,2012,December
14,Pudge,5,201250,1274.0,Semi-Carry,25,46,34,12,2012,December
1,Anti-Mage,4,201250,2131.0,Carry,15,7,15,12,2012,December
89,Naga Siren,4,201250,1784.0,Carry,18,15,45,12,2012,December
58,Enchantress,3,201250,926.0,Jungler,9,9,28,12,2012,December
27,Shadow Shaman,3,201250,804.0,Support,3,17,24,12,2012,December
8,Juggernaut,3,201250,1277.0,Carry,17,11,30,12,2012,December
19,Tiny,3,201250,1769.0,Carry,42,16,29,12,2012,December
13,Puck,3,201250,1108.0,\N,22,9,31,12,2012,December
38,Beastmaster,3,201250,997.0,\N,8,10,24,12,2012,December
63,Weaver,3,201250,1449.0,Carry,16,5,20,12,2012,December
2,Axe,3,201250,1054.0,Jungler,23,13,23,12,2012,December
50,Dazzle,2,201250,416.0,Semi-Carry,3,17,13,12,2012,December
7,Earthshaker,2,201250,597.0,Support,12,11,41,12,2012,December
9,Mirana,2,201250,815.0,\N,15,7,20,12,2012,December
51,Clockwerk,2,201250,568.0,Semi-Carry,4,9,25,12,2012,December
17,Storm Spirit,2,201250,911.0,Carry,26,13,31,12,2012,December
77,Lycan,1,201250,322.0,Carry,1,4,0,12,2012,December
76,Outworld Destroyer,1,201250,506.0,Carry,5,3,5,12,2012,December
28,Slardar,1,201250,340.0,Carry,4,7,5,12,2012,December
26,Lion,1,201250,236.0,Support,1,3,9,12,2012,December
92,Visage,1,201250,267.0,Support,7,6,8,12,2012,December
73,Alchemist,1,201250,377.0,Carry,2,1,1,12,2012,December
34,Tinker,1,201250,433.0,Carry,5,7,17,12,2012,December
84,Ogre Magi,1,201250,165.0,Support,1,8,4,12,2012,December
37,Warlock,1,201250,176.0,Support,2,13,5,12,2012,December
36,Necrolyte,1,201250,391.0,Support,8,6,6,12,2012,December
47,Viper,1,201250,246.0,Carry,2,10,3,12,2012,December
68,Ancient Apparition,1,201250,157.0,Support,2,7,6,12,2012,December
32,Riki,1,201250,405.0,Carry,8,7,3,12,2012,December
82,Meepo,1,201250,284.0,Carry,1,20,4,12,2012,December
23,Kunkka,1,201250,641.0,Carry,14,0,5,12,2012,December
55,Dark Seer,46,201251,16708.0,Jungler,179,227,450,12,2012,December
64,Jakiro,40,201251,8602.0,Support,95,188,369,12,2012,December
86,Rubick,36,201251,8491.0,Support,103,175,315,12,2012,December
88,Nyx Assassin,34,201251,8539.0,Support,140,177,359,12,2012,December
39,Queen of Pain,27,201251,11816.0,Carry,234,97,178,12,2012,December
48,Luna,25,201251,12688.0,Carry,157,92,173,12,2012,December
46,Templar Assassin,24,201251,10945.0,Carry,183,85,152,12,2012,December
18,Sven,23,201251,7950.0,Carry,93,97,182,12,2012,December
79,Shadow Demon,22,201251,4395.0,Support,58,137,184,12,2012,December
91,Wisp,22,201251,5689.0,Support,74,118,295,12,2012,December
80,Lone Druid,22,201251,10546.0,Carry,79,76,155,12,2012,December
97,Magnataur,21,201251,7210.0,Carry,98,76,185,12,2012,December
62,Bounty Hunter,20,201251,6782.0,\N,90,105,120,12,2012,December
21,Windrunner,20,201251,6323.0,Support,67,99,118,12,2012,December
52,Leshrac,19,201251,5607.0,\N,50,82,171,12,2012,December
85,Undying,19,201251,5035.0,Semi-Carry,75,96,212,12,2012,December
33,Enigma,18,201251,6193.0,Jungler,43,78,161,12,2012,December
53,Furion,17,201251,8192.0,Carry,81,68,208,12,2012,December
90,Keeper of the Light,15,201251,4482.0,Support,26,52,109,12,2012,December
25,Lina,15,201251,3290.0,Support,56,78,103,12,2012,December
81,Chaos Knight,14,201251,4848.0,Carry,89,65,104,12,2012,December
65,Batrider,14,201251,4813.0,\N,59,67,132,12,2012,December
34,Tinker,13,201251,5594.0,Carry,56,62,113,12,2012,December
54,Lifestealer,13,201251,6438.0,Carry,82,50,96,12,2012,December
19,Tiny,10,201251,6119.0,Carry,121,43,99,12,2012,December
38,Beastmaster,10,201251,3415.0,Semi-Carry,27,34,87,12,2012,December
66,Chen,9,201251,2120.0,Jungler,17,51,61,12,2012,December
20,Vengeful Spirit,9,201251,1526.0,Support,11,46,45,12,2012,December
87,Disruptor,9,201251,1879.0,Support,27,44,74,12,2012,December
63,Weaver,9,201251,3799.0,Carry,49,34,71,12,2012,December
72,Gyrocopter,8,201251,4758.0,Semi-Carry,66,26,64,12,2012,December
40,Venomancer,8,201251,1435.0,Support,12,46,60,12,2012,December
60,Night Stalker,8,201251,2886.0,Semi-Carry,40,25,47,12,2012,December
12,Phantom Lancer,7,201251,3994.0,Carry,45,16,39,12,2012,December
29,Tidehunter,7,201251,1973.0,Semi-Carry,23,32,85,12,2012,December
41,Faceless Void,7,201251,4341.0,Carry,59,20,63,12,2012,December
56,Clinkz,7,201251,3105.0,Carry,46,35,37,12,2012,December
89,Naga Siren,7,201251,3954.0,Carry,41,31,82,12,2012,December
58,Enchantress,6,201251,2165.0,Jungler,39,20,45,12,2012,December
1,Anti-Mage,6,201251,3658.0,Carry,38,11,26,12,2012,December
74,Invoker,6,201251,1985.0,Carry,27,27,53,12,2012,December
7,Earthshaker,5,201251,1190.0,Support,13,31,64,12,2012,December
78,Brewmaster,5,201251,1719.0,Carry,23,23,60,12,2012,December
3,Bane,5,201251,1218.0,Support,16,34,51,12,2012,December
5,Crystal Maiden,5,201251,1058.0,Support,10,24,41,12,2012,December
13,Puck,5,201251,1825.0,Semi-Carry,26,32,48,12,2012,December
16,Sand King,4,201251,886.0,Support,10,18,30,12,2012,December
67,Spectre,4,201251,1731.0,Carry,31,18,41,12,2012,December
17,Storm Spirit,4,201251,1181.0,Carry,11,27,21,12,2012,December
51,Clockwerk,4,201251,1158.0,Semi-Carry,21,13,41,12,2012,December
11,Shadow Fiend,4,201251,1753.0,Carry,7,15,8,12,2012,December
76,Outworld Destroyer,3,201251,1159.0,Carry,16,12,14,12,2012,December
92,Visage,3,201251,815.0,Support,14,16,26,12,2012,December
49,Dragon Knight,3,201251,1181.0,Carry,11,9,18,12,2012,December
44,Phantom Assassin,2,201251,929.0,Carry,12,2,12,12,2012,December
14,Pudge,2,201251,380.0,Semi-Carry,6,13,4,12,2012,December
8,Juggernaut,2,201251,643.0,Carry,6,6,3,12,2012,December
27,Shadow Shaman,2,201251,669.0,Support,4,7,36,12,2012,December
30,Witch Doctor,2,201251,402.0,Support,3,11,13,12,2012,December
77,Lycan,1,201251,282.0,\N,1,5,4,12,2012,December
69,Doom Bringer,1,201251,689.0,Carry,15,0,14,12,2012,December
84,Ogre Magi,1,201251,158.0,Support,2,7,5,12,2012,December
59,Huskar,1,201251,409.0,Carry,6,7,1,12,2012,December
15,Razor,1,201251,424.0,Carry,8,11,10,12,2012,December
36,Necrolyte,1,201251,442.0,Carry,9,3,16,12,2012,December
9,Mirana,1,201251,591.0,Carry,10,5,12,12,2012,December
35,Sniper,1,201251,574.0,Carry,8,2,11,12,2012,December
70,Ursa,1,201251,400.0,Carry,14,6,4,12,2012,December
61,Broodmother,1,201251,397.0,Carry,0,6,2,12,2012,December
28,Slardar,1,201251,501.0,Carry,4,4,11,12,2012,December
68,Ancient Apparition,1,201251,112.0,Support,1,6,6,12,2012,December
73,Alchemist,1,201251,408.0,Carry,1,2,21,12,2012,December
83,Treant Protector,1,201251,355.0,Semi-Carry,1,3,4,12,2012,December
86,Rubick,21,201252,4554.0,Support,62,82,183,12,2012,December
88,Nyx Assassin,19,201252,4480.0,Support,60,87,177,12,2012,December
80,Lone Druid,18,201252,8697.0,Carry,70,33,113,12,2012,December
79,Shadow Demon,18,201252,3613.0,Support,39,95,139,12,2012,December
65,Batrider,16,201252,4908.0,Semi-Carry,58,56,162,12,2012,December
90,Keeper of the Light,15,201252,4304.0,Support,37,56,117,12,2012,December
48,Luna,14,201252,7232.0,Carry,84,38,125,12,2012,December
52,Leshrac,13,201252,3777.0,Semi-Carry,59,48,127,12,2012,December
55,Dark Seer,12,201252,3922.0,Semi-Carry,39,47,111,12,2012,December
60,Night Stalker,10,201252,3180.0,Semi-Carry,41,42,84,12,2012,December
46,Templar Assassin,10,201252,3840.0,Carry,43,41,63,12,2012,December
38,Beastmaster,9,201252,2875.0,Semi-Carry,22,35,95,12,2012,December
78,Brewmaster,9,201252,2694.0,Carry,24,32,67,12,2012,December
64,Jakiro,9,201252,1778.0,Support,16,55,61,12,2012,December
62,Bounty Hunter,8,201252,2365.0,\N,36,41,37,12,2012,December
21,Windrunner,8,201252,2603.0,Semi-Carry,36,25,60,12,2012,December
25,Lina,8,201252,1762.0,Support,33,33,54,12,2012,December
54,Lifestealer,8,201252,4320.0,Carry,63,27,55,12,2012,December
33,Enigma,7,201252,2489.0,Jungler,17,19,60,12,2012,December
53,Furion,7,201252,2791.0,\N,18,38,56,12,2012,December
85,Undying,7,201252,2026.0,Semi-Carry,32,34,80,12,2012,December
97,Magnataur,7,201252,2277.0,Carry,24,16,63,12,2012,December
18,Sven,7,201252,1918.0,Support,20,33,66,12,2012,December
39,Queen of Pain,6,201252,2014.0,Carry,24,35,37,12,2012,December
66,Chen,6,201252,1934.0,Jungler,18,12,54,12,2012,December
1,Anti-Mage,6,201252,3886.0,Carry,53,12,42,12,2012,December
91,Wisp,5,201252,1457.0,Support,16,22,87,12,2012,December
72,Gyrocopter,4,201252,1321.0,Semi-Carry,14,31,26,12,2012,December
41,Faceless Void,4,201252,1879.0,Carry,23,8,30,12,2012,December
81,Chaos Knight,4,201252,1570.0,Carry,25,12,50,12,2012,December
49,Dragon Knight,4,201252,1698.0,Carry,16,15,28,12,2012,December
26,Lion,4,201252,942.0,Support,17,15,33,12,2012,December
74,Invoker,4,201252,1621.0,Carry,24,8,28,12,2012,December
12,Phantom Lancer,3,201252,1950.0,Carry,30,11,32,12,2012,December
58,Enchantress,3,201252,626.0,Jungler,3,15,17,12,2012,December
13,Puck,3,201252,977.0,Semi-Carry,12,17,23,12,2012,December
87,Disruptor,3,201252,444.0,Support,3,15,18,12,2012,December
29,Tidehunter,3,201252,781.0,Support,11,7,29,12,2012,December
36,Necrolyte,2,201252,530.0,Carry,3,8,5,12,2012,December
40,Venomancer,2,201252,558.0,Support,3,9,29,12,2012,December
8,Juggernaut,2,201252,741.0,Carry,8,6,6,12,2012,December
50,Dazzle,2,201252,446.0,Support,1,7,14,12,2012,December
67,Spectre,1,201252,271.0,Carry,0,1,1,12,2012,December
27,Shadow Shaman,1,201252,160.0,Support,2,10,9,12,2012,December
89,Naga Siren,1,201252,479.0,Carry,6,2,6,12,2012,December
17,Storm Spirit,1,201252,239.0,Carry,2,4,3,12,2012,December
68,Ancient Apparition,1,201252,168.0,Support,2,3,1,12,2012,December
63,Weaver,1,201252,316.0,Carry,13,7,2,12,2012,December
34,Tinker,1,201252,571.0,Carry,8,7,13,12,2012,December
7,Earthshaker,1,201252,197.0,Support,5,8,11,12,2012,December
23,Kunkka,1,201252,310.0,Carry,0,2,4,12,2012,December
56,Clinkz,1,201252,394.0,Carry,0,1,0,12,2012,December
84,Ogre Magi,1,201252,106.0,Support,0,5,5,12,2012,December
51,Clockwerk,1,201252,352.0,Semi-Carry,7,7,26,12,2012,December
43,Death Prophet,1,201252,288.0,Semi-Carry,0,4,1,12,2012,December
20,Vengeful Spirit,1,201252,164.0,Support,0,6,6,12,2012,December
5,Crystal Maiden,1,201252,285.0,Support,4,0,12,12,2012,December
16,Sand King,1,201252,234.0,Support,5,2,9,12,2012,December
14,Pudge,1,201252,431.0,Semi-Carry,12,7,6,12,2012,December
31,Lich,1,201252,110.0,Support,0,6,1,12,2012,December
77,Lycan,1,201252,532.0,Carry,8,1,12,12,2012,December
47,Viper,1,201252,582.0,Carry,16,5,20,12,2012,December
79,Shadow Demon,25,201253,4705.0,Support,49,136,178,12,2012,December
97,Magnataur,24,201253,6758.0,Carry,67,114,158,12,2012,December
55,Dark Seer,21,201253,7722.0,\N,90,87,234,12,2012,December
80,Lone Druid,20,201253,9265.0,Carry,63,56,173,12,2012,December
86,Rubick,17,201253,4081.0,Support,49,72,214,12,2012,December
90,Keeper of the Light,14,201253,3817.0,Support,32,51,114,12,2012,December
54,Lifestealer,13,201253,7102.0,Carry,123,25,110,12,2012,December
25,Lina,12,201253,2680.0,Support,41,62,80,12,2012,December
52,Leshrac,11,201253,2418.0,Support,27,56,89,12,2012,December
11,Shadow Fiend,10,201253,5906.0,Carry,90,38,67,12,2012,December
78,Brewmaster,10,201253,3211.0,Carry,61,45,86,1,2013,January
46,Templar Assassin,10,201253,4465.0,Carry,72,33,73,12,2012,December
48,Luna,10,201253,4732.0,Carry,44,52,62,1,2013,January
1,Anti-Mage,9,201253,5581.0,Carry,58,21,46,12,2012,December
66,Chen,9,201253,2445.0,Jungler,20,32,71,12,2012,December
16,Sand King,9,201253,2050.0,Support,27,56,75,12,2012,December
65,Batrider,8,201253,3061.0,\N,52,29,108,1,2013,January
64,Jakiro,7,201253,1616.0,Support,20,31,65,12,2012,December
88,Nyx Assassin,7,201253,1582.0,Support,32,41,64,12,2012,December
33,Enigma,6,201253,1923.0,\N,12,21,60,1,2013,January
38,Beastmaster,6,201253,2259.0,Semi-Carry,23,20,74,12,2012,December
21,Windrunner,6,201253,2067.0,Semi-Carry,30,18,53,12,2012,December
34,Tinker,5,201253,2393.0,Carry,35,16,35,12,2012,December
62,Bounty Hunter,5,201253,1808.0,Carry,20,31,30,12,2012,December
63,Weaver,5,201253,1935.0,Carry,23,17,22,12,2012,December
91,Wisp,5,201253,1488.0,Support,18,22,82,12,2012,December
7,Earthshaker,4,201253,1005.0,Support,20,28,59,1,2013,January
53,Furion,4,201253,1693.0,Carry,11,24,32,1,2013,January
18,Sven,4,201253,1130.0,Carry,16,18,37,12,2012,December
41,Faceless Void,4,201253,2075.0,Carry,26,5,25,1,2013,January
81,Chaos Knight,4,201253,1816.0,Carry,29,21,37,12,2012,December
60,Night Stalker,4,201253,1380.0,Semi-Carry,16,15,28,1,2013,January
26,Lion,3,201253,651.0,Support,10,23,25,1,2013,January
12,Phantom Lancer,3,201253,2152.0,Carry,29,5,23,12,2012,December
74,Invoker,3,201253,959.0,Carry,5,12,18,12,2012,December
58,Enchantress,3,201253,823.0,Jungler,6,9,30,1,2013,January
87,Disruptor,3,201253,600.0,Support,6,23,38,1,2013,January
39,Queen of Pain,3,201253,1168.0,Carry,21,13,13,12,2012,December
28,Slardar,2,201253,699.0,Carry,1,4,12,12,2012,December
5,Crystal Maiden,2,201253,295.0,Support,2,13,10,1,2013,January
13,Puck,2,201253,512.0,Semi-Carry,4,20,20,1,2013,January
19,Tiny,2,201253,1067.0,Carry,13,9,21,12,2012,December
85,Undying,2,201253,424.0,Semi-Carry,5,7,24,1,2013,January
50,Dazzle,2,201253,320.0,Support,1,14,10,12,2012,December
20,Vengeful Spirit,2,201253,481.0,Support,6,15,25,12,2012,December
89,Naga Siren,2,201253,924.0,Carry,18,13,23,1,2013,January
45,Pugna,1,201253,612.0,Semi-Carry,12,1,22,1,2013,January
72,Gyrocopter,1,201253,410.0,Semi-Carry,6,7,5,1,2013,January
36,Necrolyte,1,201253,396.0,Carry,5,5,14,1,2013,January
35,Sniper,1,201253,533.0,Carry,6,3,5,1,2013,January
23,Kunkka,1,201253,279.0,Carry,3,7,4,1,2013,January
27,Shadow Shaman,1,201253,197.0,Support,2,11,9,1,2013,January
69,Doom Bringer,1,201253,257.0,Carry,0,8,14,12,2012,December
32,Riki,1,201253,559.0,Carry,23,6,13,1,2013,January
61,Broodmother,1,201253,451.0,Carry,3,8,5,1,2013,January
29,Tidehunter,1,201253,505.0,Semi-Carry,10,2,17,12,2012,December
77,Lycan,1,201253,593.0,Carry,3,2,3,1,2013,January
56,Clinkz,1,201253,308.0,Carry,3,9,4,1,2013,January
17,Storm Spirit,1,201253,494.0,Carry,7,3,9,1,2013,January
22,Zeus,1,201253,248.0,Semi-Carry,3,5,7,1,2013,January
30,Witch Doctor,1,201253,133.0,Support,0,9,5,1,2013,January
70,Ursa,1,201253,512.0,Carry,15,7,8,1,2013,January
49,Dragon Knight,1,201253,592.0,Carry,9,3,3,1,2013,January
51,Clockwerk,1,201253,230.0,Semi-Carry,3,5,16,1,2013,January
90,Keeper of the Light,27,201301,7620.0,Support,75,84,262,1,2013,January
86,Rubick,24,201301,6431.0,Support,75,106,262,1,2013,January
79,Shadow Demon,22,201301,4422.0,Support,58,140,178,1,2013,January
97,Magnataur,21,201301,6662.0,Carry,86,89,202,1,2013,January
55,Dark Seer,20,201301,6920.0,Semi-Carry,55,94,196,1,2013,January
48,Luna,19,201301,9891.0,Carry,135,49,165,1,2013,January
80,Lone Druid,19,201301,7960.0,Carry,63,75,131,1,2013,January
65,Batrider,17,201301,6257.0,Jungler,101,62,182,1,2013,January
54,Lifestealer,17,201301,9319.0,\N,137,42,126,1,2013,January
81,Chaos Knight,13,201301,5710.0,Carry,104,73,113,1,2013,January
88,Nyx Assassin,12,201301,3215.0,Support,53,58,137,1,2013,January
53,Furion,12,201301,4962.0,Carry,32,42,110,1,2013,January
91,Wisp,12,201301,2438.0,Support,34,68,144,1,2013,January
39,Queen of Pain,12,201301,4865.0,Carry,69,48,109,1,2013,January
64,Jakiro,12,201301,2636.0,Support,31,63,142,1,2013,January
33,Enigma,12,201301,4126.0,Jungler,22,57,123,1,2013,January
21,Windrunner,11,201301,3848.0,Semi-Carry,43,43,117,1,2013,January
52,Leshrac,11,201301,3309.0,Support,39,46,108,1,2013,January
85,Undying,10,201301,2884.0,Semi-Carry,43,34,114,1,2013,January
12,Phantom Lancer,10,201301,5618.0,Carry,52,30,51,1,2013,January
62,Bounty Hunter,10,201301,3714.0,Carry,40,42,65,1,2013,January
46,Templar Assassin,9,201301,3913.0,Carry,57,28,47,1,2013,January
38,Beastmaster,8,201301,2450.0,Semi-Carry,16,44,56,1,2013,January
78,Brewmaster,8,201301,2829.0,Carry,49,32,69,1,2013,January
72,Gyrocopter,7,201301,3304.0,Semi-Carry,40,21,64,1,2013,January
66,Chen,7,201301,1288.0,Jungler,5,36,27,1,2013,January
18,Sven,7,201301,2539.0,Carry,25,33,42,1,2013,January
25,Lina,7,201301,1430.0,Support,28,49,33,1,2013,January
58,Enchantress,5,201301,1559.0,Jungler,23,16,42,1,2013,January
3,Bane,5,201301,1365.0,Support,16,20,46,1,2013,January
87,Disruptor,5,201301,1122.0,Support,12,30,62,1,2013,January
16,Sand King,4,201301,1119.0,Support,18,19,40,1,2013,January
20,Vengeful Spirit,4,201301,607.0,Support,2,23,24,1,2013,January
19,Tiny,4,201301,1749.0,Carry,22,23,29,1,2013,January
89,Naga Siren,4,201301,1408.0,Carry,6,13,24,1,2013,January
29,Tidehunter,4,201301,979.0,Support,8,20,53,1,2013,January
60,Night Stalker,4,201301,1400.0,Semi-Carry,17,15,24,1,2013,January
40,Venomancer,4,201301,882.0,Support,12,20,50,1,2013,January
1,Anti-Mage,4,201301,2313.0,Carry,40,17,25,1,2013,January
10,Morphling,4,201301,2166.0,Carry,28,10,23,1,2013,January
74,Invoker,3,201301,1176.0,Carry,15,14,28,1,2013,January
63,Weaver,3,201301,1103.0,Carry,32,10,28,1,2013,January
56,Clinkz,2,201301,887.0,Carry,10,7,9,1,2013,January
11,Shadow Fiend,2,201301,960.0,Carry,14,8,25,1,2013,January
41,Faceless Void,2,201301,1111.0,Carry,13,11,10,1,2013,January
7,Earthshaker,2,201301,401.0,Support,1,7,12,1,2013,January
26,Lion,2,201301,463.0,Support,6,10,16,1,2013,January
13,Puck,2,201301,499.0,\N,7,12,11,1,2013,January
82,Meepo,2,201301,1074.0,Carry,20,36,8,1,2013,January
73,Alchemist,2,201301,553.0,Carry,4,15,11,1,2013,January
49,Dragon Knight,1,201301,475.0,Carry,1,2,5,1,2013,January
77,Lycan,1,201301,375.0,Carry,3,6,3,1,2013,January
43,Death Prophet,1,201301,301.0,Semi-Carry,0,3,2,1,2013,January
51,Clockwerk,1,201301,308.0,Semi-Carry,6,10,12,1,2013,January
27,Shadow Shaman,1,201301,188.0,Support,2,2,4,1,2013,January
34,Tinker,1,201301,358.0,Carry,5,10,5,1,2013,January
23,Kunkka,1,201301,373.0,Carry,3,2,10,1,2013,January
70,Ursa,1,201301,477.0,Carry,3,4,14,1,2013,January
8,Juggernaut,1,201301,305.0,Carry,0,4,9,1,2013,January
69,Doom Bringer,1,201301,622.0,Carry,14,5,23,1,2013,January
92,Visage,1,201301,247.0,Support,8,3,5,1,2013,January
90,Keeper of the Light,16,201302,4518.0,Support,40,66,147,1,2013,January
86,Rubick,15,201302,3846.0,Support,44,84,133,1,2013,January
55,Dark Seer,15,201302,5516.0,Semi-Carry,54,59,183,1,2013,January
54,Lifestealer,14,201302,9049.0,Carry,133,30,96,1,2013,January
97,Magnataur,12,201302,3345.0,Carry,38,60,79,1,2013,January
21,Windrunner,12,201302,4661.0,Support,62,52,96,1,2013,January
48,Luna,12,201302,6227.0,Carry,95,41,93,1,2013,January
79,Shadow Demon,12,201302,2239.0,Support,24,69,120,1,2013,January
91,Wisp,10,201302,2573.0,Support,25,42,92,1,2013,January
88,Nyx Assassin,9,201302,2223.0,Support,25,39,109,1,2013,January
80,Lone Druid,8,201302,3385.0,Carry,31,41,59,1,2013,January
52,Leshrac,8,201302,1812.0,Support,23,58,72,1,2013,January
33,Enigma,8,201302,2369.0,Jungler,16,40,44,1,2013,January
53,Furion,7,201302,2686.0,Jungler,12,25,47,1,2013,January
81,Chaos Knight,7,201302,2780.0,Carry,46,29,53,1,2013,January
72,Gyrocopter,6,201302,2615.0,Semi-Carry,42,26,68,1,2013,January
18,Sven,6,201302,2012.0,Carry,19,26,29,1,2013,January
39,Queen of Pain,6,201302,2440.0,Carry,38,26,39,1,2013,January
12,Phantom Lancer,5,201302,3161.0,Carry,38,19,39,1,2013,January
3,Bane,5,201302,919.0,Support,14,26,43,1,2013,January
65,Batrider,5,201302,1693.0,Jungler,19,21,48,1,2013,January
11,Shadow Fiend,5,201302,2437.0,Carry,51,26,32,1,2013,January
85,Undying,5,201302,1019.0,Semi-Carry,12,16,39,1,2013,January
66,Chen,5,201302,1514.0,Jungler,19,18,37,1,2013,January
46,Templar Assassin,4,201302,1515.0,Carry,17,18,27,1,2013,January
78,Brewmaster,4,201302,1327.0,Carry,13,18,47,1,2013,January
17,Storm Spirit,4,201302,1822.0,Carry,46,21,36,1,2013,January
62,Bounty Hunter,4,201302,1374.0,Carry,21,27,15,1,2013,January
13,Puck,4,201302,1477.0,Semi-Carry,21,20,49,1,2013,January
60,Night Stalker,3,201302,714.0,Semi-Carry,3,16,8,1,2013,January
25,Lina,3,201302,672.0,Support,9,14,22,1,2013,January
89,Naga Siren,3,201302,1462.0,Carry,9,4,18,1,2013,January
69,Doom Bringer,3,201302,1286.0,Carry,14,14,26,1,2013,January
29,Tidehunter,3,201302,894.0,Semi-Carry,8,9,32,1,2013,January
20,Vengeful Spirit,3,201302,373.0,Support,3,24,17,1,2013,January
38,Beastmaster,3,201302,992.0,Semi-Carry,5,12,19,1,2013,January
56,Clinkz,2,201302,1064.0,Carry,13,6,9,1,2013,January
16,Sand King,2,201302,539.0,Support,4,4,34,1,2013,January
51,Clockwerk,2,201302,486.0,Semi-Carry,6,21,35,1,2013,January
41,Faceless Void,2,201302,602.0,Carry,10,9,5,1,2013,January
64,Jakiro,2,201302,567.0,Support,3,4,18,1,2013,January
7,Earthshaker,2,201302,477.0,Support,8,19,27,1,2013,January
76,Outworld Destroyer,2,201302,860.0,Carry,16,8,11,1,2013,January
87,Disruptor,2,201302,372.0,Support,1,8,16,1,2013,January
42,Skeleton King,1,201302,622.0,Carry,7,0,9,1,2013,January
1,Anti-Mage,1,201302,723.0,Carry,14,0,6,1,2013,January
63,Weaver,1,201302,461.0,Carry,6,1,12,1,2013,January
22,Zeus,1,201302,179.0,Semi-Carry,2,6,12,1,2013,January
14,Pudge,1,201302,287.0,Semi-Carry,7,3,6,1,2013,January
40,Venomancer,1,201302,346.0,Support,6,2,22,1,2013,January
34,Tinker,1,201302,506.0,Carry,9,3,14,1,2013,January
8,Juggernaut,1,201302,443.0,Carry,3,0,7,1,2013,January
73,Alchemist,1,201302,477.0,Carry,7,5,6,1,2013,January
61,Broodmother,1,201302,269.0,\N,1,6,2,1,2013,January
55,Dark Seer,22,201303,7805.0,Semi-Carry,65,88,222,1,2013,January
79,Shadow Demon,15,201303,3389.0,Support,40,69,155,1,2013,January
54,Lifestealer,14,201303,6995.0,Carry,102,37,132,1,2013,January
48,Luna,10,201303,5658.0,Carry,53,35,90,1,2013,January
66,Chen,10,201303,2413.0,Jungler,24,41,63,1,2013,January
86,Rubick,10,201303,2123.0,Support,16,59,109,1,2013,January
80,Lone Druid,10,201303,4764.0,Carry,45,36,67,1,2013,January
72,Gyrocopter,10,201303,4259.0,Semi-Carry,61,40,82,1,2013,January
91,Wisp,9,201303,1785.0,Support,15,40,83,1,2013,January
88,Nyx Assassin,9,201303,2134.0,Support,29,41,76,1,2013,January
39,Queen of Pain,9,201303,3528.0,Carry,51,50,65,1,2013,January
90,Keeper of the Light,9,201303,2209.0,Support,14,33,55,1,2013,January
21,Windrunner,8,201303,2403.0,Semi-Carry,24,40,39,1,2013,January
97,Magnataur,8,201303,2437.0,Carry,39,31,94,1,2013,January
87,Disruptor,7,201303,1314.0,Support,20,35,69,1,2013,January
85,Undying,7,201303,1699.0,Semi-Carry,16,32,71,1,2013,January
33,Enigma,7,201303,2327.0,Jungler,17,34,65,1,2013,January
52,Leshrac,6,201303,1681.0,Support,18,31,56,1,2013,January
25,Lina,6,201303,1391.0,Support,30,24,53,1,2013,January
62,Bounty Hunter,5,201303,1819.0,Carry,27,24,19,1,2013,January
1,Anti-Mage,5,201303,2889.0,Carry,27,11,15,1,2013,January
38,Beastmaster,5,201303,1713.0,Semi-Carry,16,31,44,1,2013,January
18,Sven,5,201303,1284.0,Support,10,31,25,1,2013,January
81,Chaos Knight,5,201303,1867.0,Carry,28,20,41,1,2013,January
17,Storm Spirit,5,201303,2146.0,Carry,43,15,59,1,2013,January
34,Tinker,4,201303,2128.0,Carry,34,6,32,1,2013,January
13,Puck,4,201303,1795.0,Semi-Carry,30,11,43,1,2013,January
78,Brewmaster,4,201303,1108.0,Carry,15,15,25,1,2013,January
46,Templar Assassin,4,201303,1858.0,Carry,23,13,26,1,2013,January
89,Naga Siren,4,201303,1198.0,Carry,11,18,42,1,2013,January
12,Phantom Lancer,4,201303,1947.0,Carry,20,21,17,1,2013,January
56,Clinkz,4,201303,2366.0,Carry,53,11,19,1,2013,January
29,Tidehunter,3,201303,831.0,Support,8,11,27,1,2013,January
19,Tiny,3,201303,1859.0,Carry,27,11,21,1,2013,January
26,Lion,3,201303,591.0,Support,1,14,25,1,2013,January
40,Venomancer,2,201303,472.0,Support,5,13,27,1,2013,January
58,Enchantress,2,201303,869.0,Jungler,13,2,6,1,2013,January
16,Sand King,2,201303,479.0,Support,4,6,20,1,2013,January
27,Shadow Shaman,2,201303,534.0,Semi-Carry,2,11,7,1,2013,January
63,Weaver,2,201303,634.0,Carry,11,9,7,1,2013,January
76,Outworld Destroyer,2,201303,907.0,Carry,13,8,17,1,2013,January
3,Bane,2,201303,448.0,Support,7,9,14,1,2013,January
5,Crystal Maiden,1,201303,247.0,Support,6,8,11,1,2013,January
74,Invoker,1,201303,324.0,Carry,5,9,6,1,2013,January
53,Furion,1,201303,346.0,Carry,2,1,5,1,2013,January
57,Omni Knight,1,201303,407.0,Semi-Carry,4,2,11,1,2013,January
60,Night Stalker,1,201303,290.0,Semi-Carry,6,5,5,1,2013,January
92,Visage,1,201303,132.0,Support,3,5,0,1,2013,January
2,Axe,1,201303,357.0,Jungler,4,2,12,1,2013,January
50,Dazzle,1,201303,172.0,Support,1,3,13,1,2013,January
11,Shadow Fiend,1,201303,637.0,Carry,13,3,7,1,2013,January
7,Earthshaker,1,201303,137.0,Support,2,8,10,1,2013,January
64,Jakiro,1,201303,299.0,Support,6,6,15,1,2013,January
20,Vengeful Spirit,1,201303,123.0,Support,0,17,5,1,2013,January
70,Ursa,1,201303,369.0,\N,6,5,8,1,2013,January
91,Wisp,16,201304,3451.0,Support,30,83,179,1,2013,January
55,Dark Seer,16,201304,5181.0,Semi-Carry,64,77,155,1,2013,January
86,Rubick,14,201304,3581.0,Support,39,62,135,1,2013,January
79,Shadow Demon,14,201304,2556.0,Support,32,89,160,1,2013,January
54,Lifestealer,12,201304,6496.0,Carry,92,31,83,1,2013,January
90,Keeper of the Light,12,201304,3139.0,Support,31,50,109,1,2013,January
88,Nyx Assassin,10,201304,2531.0,Support,42,52,111,1,2013,January
97,Magnataur,10,201304,3131.0,Carry,49,53,97,1,2013,January
81,Chaos Knight,10,201304,4103.0,Carry,73,44,90,1,2013,January
72,Gyrocopter,10,201304,4447.0,Semi-Carry,75,34,87,1,2013,January
80,Lone Druid,9,201304,4471.0,Carry,41,33,83,1,2013,January
66,Chen,7,201304,1798.0,Jungler,18,36,53,1,2013,January
48,Luna,7,201304,3199.0,Carry,42,50,47,1,2013,January
53,Furion,6,201304,2880.0,Carry,18,14,63,1,2013,January
25,Lina,6,201304,1617.0,Support,28,26,53,1,2013,January
21,Windrunner,6,201304,2050.0,Semi-Carry,24,34,55,1,2013,January
78,Brewmaster,5,201304,1626.0,Carry,25,19,58,1,2013,January
85,Undying,5,201304,1113.0,Semi-Carry,19,24,79,1,2013,January
13,Puck,5,201304,1556.0,Semi-Carry,22,30,57,1,2013,January
52,Leshrac,4,201304,952.0,Support,10,22,26,1,2013,January
18,Sven,4,201304,1713.0,Support,23,15,16,1,2013,January
41,Faceless Void,4,201304,2219.0,Carry,29,17,40,1,2013,January
12,Phantom Lancer,4,201304,2142.0,Carry,38,13,22,1,2013,January
3,Bane,4,201304,1179.0,Support,20,13,54,1,2013,January
38,Beastmaster,4,201304,1650.0,Semi-Carry,11,7,45,1,2013,January
34,Tinker,4,201304,1809.0,Carry,22,9,40,1,2013,January
39,Queen of Pain,3,201304,1185.0,Carry,18,20,29,1,2013,January
19,Tiny,3,201304,1849.0,Carry,27,15,18,1,2013,January
62,Bounty Hunter,3,201304,1039.0,Carry,6,23,27,1,2013,January
51,Clockwerk,3,201304,1055.0,Semi-Carry,21,9,43,1,2013,January
56,Clinkz,3,201304,1282.0,Carry,19,13,9,1,2013,January
65,Batrider,3,201304,1055.0,Semi-Carry,19,10,41,1,2013,January
33,Enigma,3,201304,914.0,\N,9,24,50,1,2013,January
76,Outworld Destroyer,2,201304,940.0,Carry,8,8,16,1,2013,January
64,Jakiro,2,201304,379.0,Support,9,11,21,1,2013,January
74,Invoker,2,201304,654.0,Carry,9,7,25,1,2013,January
29,Tidehunter,2,201304,483.0,Semi-Carry,3,10,23,1,2013,January
40,Venomancer,2,201304,448.0,Support,8,9,12,1,2013,January
7,Earthshaker,2,201304,402.0,Support,8,12,23,1,2013,January
46,Templar Assassin,2,201304,985.0,Carry,17,4,12,1,2013,January
14,Pudge,2,201304,468.0,Semi-Carry,9,9,6,1,2013,January
16,Sand King,2,201304,516.0,Support,14,13,18,1,2013,January
5,Crystal Maiden,1,201304,132.0,Support,0,5,7,1,2013,January
63,Weaver,1,201304,386.0,Carry,5,6,10,1,2013,January
44,Phantom Assassin,1,201304,580.0,Carry,2,1,6,1,2013,January
10,Morphling,1,201304,331.0,Carry,1,3,3,1,2013,January
73,Alchemist,1,201304,962.0,Carry,17,2,12,2,2013,February
8,Juggernaut,1,201304,229.0,Carry,0,10,3,1,2013,January
17,Storm Spirit,1,201304,359.0,Carry,4,9,6,1,2013,January
20,Vengeful Spirit,1,201304,125.0,Support,0,6,9,1,2013,January
27,Shadow Shaman,1,201304,138.0,Support,1,6,5,1,2013,January
23,Kunkka,1,201304,469.0,Carry,15,10,15,1,2013,January
26,Lion,1,201304,291.0,Support,8,6,13,2,2013,February
47,Viper,1,201304,305.0,Carry,2,5,2,1,2013,January
68,Ancient Apparition,1,201304,187.0,Support,5,7,14,1,2013,January
79,Shadow Demon,36,201305,6579.0,Support,83,207,292,2,2013,February
86,Rubick,33,201305,7423.0,Support,85,167,351,2,2013,February
90,Keeper of the Light,29,201305,7873.0,Support,71,114,244,2,2013,February
97,Magnataur,26,201305,9776.0,Carry,144,89,273,2,2013,February
55,Dark Seer,26,201305,9139.0,Semi-Carry,86,114,258,2,2013,February
54,Lifestealer,26,201305,11741.0,Carry,157,101,170,2,2013,February
80,Lone Druid,20,201305,7775.0,Carry,58,83,97,2,2013,February
39,Queen of Pain,20,201305,8090.0,Carry,150,84,139,2,2013,February
52,Leshrac,19,201305,6010.0,Support,70,100,164,2,2013,February
48,Luna,18,201305,9664.0,Carry,96,74,127,2,2013,February
12,Phantom Lancer,17,201305,8952.0,Carry,157,76,106,2,2013,February
13,Puck,15,201305,5781.0,Semi-Carry,93,69,185,2,2013,February
72,Gyrocopter,14,201305,6182.0,Semi-Carry,116,72,107,2,2013,February
64,Jakiro,13,201305,1938.0,Support,22,101,100,2,2013,February
16,Sand King,13,201305,3195.0,Support,33,81,143,2,2013,February
53,Furion,12,201305,5973.0,\N,51,51,105,2,2013,February
88,Nyx Assassin,12,201305,3178.0,Support,47,49,124,2,2013,February
3,Bane,11,201305,2304.0,Semi-Carry,21,65,89,2,2013,February
21,Windrunner,11,201305,3667.0,Semi-Carry,48,39,71,2,2013,February
33,Enigma,10,201305,3654.0,Jungler,21,50,129,2,2013,February
81,Chaos Knight,10,201305,4480.0,Carry,80,29,104,2,2013,February
85,Undying,9,201305,1862.0,Semi-Carry,14,50,125,2,2013,February
89,Naga Siren,9,201305,3955.0,Carry,43,30,57,2,2013,February
38,Beastmaster,8,201305,2956.0,Semi-Carry,41,47,74,2,2013,February
25,Lina,8,201305,2027.0,Support,41,49,79,2,2013,February
46,Templar Assassin,8,201305,2837.0,Carry,33,52,50,2,2013,February
62,Bounty Hunter,7,201305,2504.0,Carry,41,25,53,2,2013,February
18,Sven,7,201305,2451.0,Support,29,29,57,2,2013,February
87,Disruptor,7,201305,1811.0,Support,32,28,90,2,2013,February
1,Anti-Mage,7,201305,4582.0,Carry,59,14,41,2,2013,February
63,Weaver,7,201305,2730.0,Carry,38,24,41,2,2013,February
74,Invoker,7,201305,2758.0,Carry,38,25,72,2,2013,February
91,Wisp,7,201305,1788.0,Support,26,33,79,2,2013,February
41,Faceless Void,6,201305,3091.0,Carry,52,18,63,2,2013,February
65,Batrider,6,201305,1860.0,Semi-Carry,22,27,51,2,2013,February
66,Chen,6,201305,1616.0,Jungler,20,18,44,2,2013,February
68,Ancient Apparition,5,201305,1088.0,Support,18,29,67,2,2013,February
17,Storm Spirit,5,201305,2291.0,Carry,52,23,41,2,2013,February
51,Clockwerk,5,201305,1352.0,Semi-Carry,14,31,48,2,2013,February
78,Brewmaster,5,201305,1356.0,Carry,15,27,29,2,2013,February
8,Juggernaut,4,201305,1658.0,Carry,17,10,22,2,2013,February
7,Earthshaker,4,201305,872.0,Support,16,25,49,2,2013,February
92,Visage,4,201305,1100.0,Support,27,14,46,2,2013,February
60,Night Stalker,4,201305,1261.0,Semi-Carry,24,23,17,2,2013,February
58,Enchantress,4,201305,1141.0,Jungler,20,14,35,2,2013,February
34,Tinker,4,201305,1615.0,Carry,18,13,27,2,2013,February
11,Shadow Fiend,4,201305,2402.0,Carry,31,13,31,2,2013,February
49,Dragon Knight,3,201305,891.0,Carry,7,17,14,2,2013,February
40,Venomancer,3,201305,795.0,Support,8,17,55,2,2013,February
29,Tidehunter,3,201305,672.0,\N,4,21,33,2,2013,February
56,Clinkz,3,201305,1427.0,Carry,21,15,31,2,2013,February
76,Outworld Destroyer,3,201305,1870.0,Carry,25,6,17,2,2013,February
44,Phantom Assassin,2,201305,593.0,Carry,5,10,4,2,2013,February
28,Slardar,2,201305,1132.0,Carry,17,2,23,2,2013,February
77,Lycan,2,201305,658.0,Jungler,6,8,5,2,2013,February
26,Lion,2,201305,438.0,Support,3,13,14,2,2013,February
36,Necrolyte,1,201305,308.0,Carry,1,4,0,2,2013,February
15,Razor,1,201305,254.0,Carry,3,9,2,2,2013,February
31,Lich,1,201305,153.0,Support,1,13,9,2,2013,February
30,Witch Doctor,1,201305,297.0,Support,1,3,3,2,2013,February
61,Broodmother,1,201305,655.0,Carry,7,2,13,2,2013,February
10,Morphling,1,201305,573.0,Carry,3,0,7,2,2013,February
14,Pudge,1,201305,221.0,Semi-Carry,4,11,3,2,2013,February
50,Dazzle,1,201305,115.0,Support,0,3,4,2,2013,February
23,Kunkka,1,201305,534.0,Carry,10,5,22,2,2013,February
97,Magnataur,3,201306,830.0,Carry,12,17,36,2,2013,February
55,Dark Seer,3,201306,913.0,Semi-Carry,10,28,28,2,2013,February
85,Undying,3,201306,825.0,Semi-Carry,10,24,52,2,2013,February
64,Jakiro,2,201306,246.0,Support,2,11,13,2,2013,February
72,Gyrocopter,2,201306,1337.0,Semi-Carry,37,11,38,2,2013,February
51,Clockwerk,2,201306,645.0,Semi-Carry,10,11,55,2,2013,February
86,Rubick,2,201306,231.0,Support,3,12,7,2,2013,February
79,Shadow Demon,2,201306,392.0,Support,10,19,33,2,2013,February
25,Lina,2,201306,470.0,Support,14,22,35,2,2013,February
1,Anti-Mage,2,201306,505.0,Carry,6,10,4,2,2013,February
21,Windrunner,2,201306,887.0,Semi-Carry,13,8,10,2,2013,February
80,Lone Druid,1,201306,742.0,Carry,12,2,10,2,2013,February
54,Lifestealer,1,201306,370.0,Carry,3,6,6,2,2013,February
34,Tinker,1,201306,548.0,Carry,6,1,8,2,2013,February
92,Visage,1,201306,289.0,Support,2,2,6,2,2013,February
39,Queen of Pain,1,201306,499.0,Carry,22,9,15,2,2013,February
46,Templar Assassin,1,201306,585.0,Carry,11,2,4,2,2013,February
88,Nyx Assassin,1,201306,393.0,Semi-Carry,9,3,18,2,2013,February
65,Batrider,1,201306,295.0,Semi-Carry,3,5,12,2,2013,February
81,Chaos Knight,1,201306,512.0,Carry,8,0,10,2,2013,February
3,Bane,1,201306,271.0,Support,6,16,21,2,2013,February
90,Keeper of the Light,1,201306,311.0,Support,2,2,13,2,2013,February
40,Venomancer,1,201306,256.0,Support,1,4,15,2,2013,February
91,Wisp,1,201306,313.0,Support,5,1,10,2,2013,February
63,Weaver,1,201306,485.0,Carry,11,9,18,2,2013,February
53,Furion,1,201306,625.0,\N,5,4,11,2,2013,February